{
  "type": "FeatureCollection",
  "metadata": {
    "dataset_name": "MCGM Administrative Wards Boundary & Thermal Metrics",
    "geography": "Greater Mumbai, India",
    "total_wards": 24,
    "is_demo_data": true,
    "disclaimer": "DEMO DATA: Boundary geometries & metrics formatted for Phase 1 UI development."
  },
  "features": [
    {
      "type": "Feature",
      "id": "WARD_A",
      "geometry": {
        "type": "Polygon",
        "coordinates": [
          [
            [
              72.84362,
              18.915
            ],
            [
              72.84138,
              18.92501
            ],
            [
              72.83728,
              18.93362
            ],
            [
              72.83071,
              18.93853
            ],
            [
              72.8235,
              18.9379
            ],
            [
              72.81754,
              18.93445
            ],
            [
              72.80909,
              18.93447
            ],
            [
              72.80386,
              18.92599
            ],
            [
              72.80614,
              18.915
            ],
            [
              72.80731,
              18.90594
            ],
            [
              72.81057,
              18.89752
            ],
            [
              72.8168,
              18.89313
            ],
            [
              72.8235,
              18.88651
            ],
            [
              72.83127,
              18.88967
            ],
            [
              72.83502,
              18.89943
            ],
            [
              72.83879,
              18.90644
            ],
            [
              72.84362,
              18.915
            ]
          ]
        ]
      },
      "properties": {
        "ward_id": "WARD_A",
        "ward_code": "A",
        "ward_name": "Colaba / Fort / Nariman Point",
        "zone": "Zone 1",
        "feature_type": "ward_polygon",
        "area_sqkm": 12.5,
        "hvi_score": 42.0,
        "risk_tier": "Moderate",
        "lst_mean": 33.2,
        "ndvi_mean": 0.28,
        "ndbi_mean": 0.58,
        "pop_density": 18500,
        "cluster_id": 2,
        "cluster_name": "Coastal Moderate Microclimate",
        "is_demo_data": true
      }
    },
    {
      "type": "Feature",
      "geometry": {
        "type": "Point",
        "coordinates": [
          72.8235,
          18.915
        ]
      },
      "properties": {
        "ward_id": "WARD_A",
        "ward_code": "A",
        "ward_name": "Colaba / Fort / Nariman Point",
        "feature_type": "heat_dot",
        "is_centroid": true,
        "lst_temp": 33.2,
        "hvi_score": 42.0,
        "ndvi": 0.28,
        "ndbi": 0.58,
        "risk_tier": "Moderate",
        "cluster_id": 2
      }
    },
    {
      "type": "Feature",
      "geometry": {
        "type": "Point",
        "coordinates": [
          72.83264,
          18.91482
        ]
      },
      "properties": {
        "ward_id": "WARD_A",
        "ward_code": "A",
        "ward_name": "Colaba / Fort / Nariman Point",
        "feature_type": "heat_dot",
        "is_centroid": false,
        "lst_temp": 34.3,
        "hvi_score": 44.4,
        "ndvi": 0.24,
        "ndbi": 0.62,
        "risk_tier": "Moderate",
        "cluster_id": 2
      }
    },
    {
      "type": "Feature",
      "geometry": {
        "type": "Point",
        "coordinates": [
          72.82807,
          18.91814
        ]
      },
      "properties": {
        "ward_id": "WARD_A",
        "ward_code": "A",
        "ward_name": "Colaba / Fort / Nariman Point",
        "feature_type": "heat_dot",
        "is_centroid": false,
        "lst_temp": 31.9,
        "hvi_score": 39.2,
        "ndvi": 0.33,
        "ndbi": 0.53,
        "risk_tier": "Moderate",
        "cluster_id": 2
      }
    },
    {
      "type": "Feature",
      "geometry": {
        "type": "Point",
        "coordinates": [
          72.83044,
          18.92542
        ]
      },
      "properties": {
        "ward_id": "WARD_A",
        "ward_code": "A",
        "ward_name": "Colaba / Fort / Nariman Point",
        "feature_type": "heat_dot",
        "is_centroid": false,
        "lst_temp": 33.6,
        "hvi_score": 42.9,
        "ndvi": 0.26,
        "ndbi": 0.6,
        "risk_tier": "Moderate",
        "cluster_id": 2
      }
    },
    {
      "type": "Feature",
      "geometry": {
        "type": "Point",
        "coordinates": [
          72.82587,
          18.92656
        ]
      },
      "properties": {
        "ward_id": "WARD_A",
        "ward_code": "A",
        "ward_name": "Colaba / Fort / Nariman Point",
        "feature_type": "heat_dot",
        "is_centroid": false,
        "lst_temp": 32.5,
        "hvi_score": 40.4,
        "ndvi": 0.31,
        "ndbi": 0.55,
        "risk_tier": "Moderate",
        "cluster_id": 2
      }
    },
    {
      "type": "Feature",
      "geometry": {
        "type": "Point",
        "coordinates": [
          72.82405,
          18.91961
        ]
      },
      "properties": {
        "ward_id": "WARD_A",
        "ward_code": "A",
        "ward_name": "Colaba / Fort / Nariman Point",
        "feature_type": "heat_dot",
        "is_centroid": false,
        "lst_temp": 34.3,
        "hvi_score": 44.4,
        "ndvi": 0.24,
        "ndbi": 0.62,
        "risk_tier": "Moderate",
        "cluster_id": 2
      }
    },
    {
      "type": "Feature",
      "geometry": {
        "type": "Point",
        "coordinates": [
          72.82147,
          18.92621
        ]
      },
      "properties": {
        "ward_id": "WARD_A",
        "ward_code": "A",
        "ward_name": "Colaba / Fort / Nariman Point",
        "feature_type": "heat_dot",
        "is_centroid": false,
        "lst_temp": 31.9,
        "hvi_score": 39.2,
        "ndvi": 0.33,
        "ndbi": 0.53,
        "risk_tier": "Moderate",
        "cluster_id": 2
      }
    },
    {
      "type": "Feature",
      "geometry": {
        "type": "Point",
        "coordinates": [
          72.81804,
          18.92195
        ]
      },
      "properties": {
        "ward_id": "WARD_A",
        "ward_code": "A",
        "ward_name": "Colaba / Fort / Nariman Point",
        "feature_type": "heat_dot",
        "is_centroid": false,
        "lst_temp": 31.6,
        "hvi_score": 38.5,
        "ndvi": 0.34,
        "ndbi": 0.52,
        "risk_tier": "Moderate",
        "cluster_id": 2
      }
    },
    {
      "type": "Feature",
      "geometry": {
        "type": "Point",
        "coordinates": [
          72.81353,
          18.92174
        ]
      },
      "properties": {
        "ward_id": "WARD_A",
        "ward_code": "A",
        "ward_name": "Colaba / Fort / Nariman Point",
        "feature_type": "heat_dot",
        "is_centroid": false,
        "lst_temp": 31.7,
        "hvi_score": 38.7,
        "ndvi": 0.34,
        "ndbi": 0.52,
        "risk_tier": "Moderate",
        "cluster_id": 2
      }
    },
    {
      "type": "Feature",
      "geometry": {
        "type": "Point",
        "coordinates": [
          72.81867,
          18.91576
        ]
      },
      "properties": {
        "ward_id": "WARD_A",
        "ward_code": "A",
        "ward_name": "Colaba / Fort / Nariman Point",
        "feature_type": "heat_dot",
        "is_centroid": false,
        "lst_temp": 32.2,
        "hvi_score": 39.7,
        "ndvi": 0.32,
        "ndbi": 0.54,
        "risk_tier": "Moderate",
        "cluster_id": 2
      }
    },
    {
      "type": "Feature",
      "geometry": {
        "type": "Point",
        "coordinates": [
          72.81124,
          18.90888
        ]
      },
      "properties": {
        "ward_id": "WARD_A",
        "ward_code": "A",
        "ward_name": "Colaba / Fort / Nariman Point",
        "feature_type": "heat_dot",
        "is_centroid": false,
        "lst_temp": 31.7,
        "hvi_score": 38.6,
        "ndvi": 0.34,
        "ndbi": 0.52,
        "risk_tier": "Moderate",
        "cluster_id": 2
      }
    },
    {
      "type": "Feature",
      "geometry": {
        "type": "Point",
        "coordinates": [
          72.8167,
          18.91119
        ]
      },
      "properties": {
        "ward_id": "WARD_A",
        "ward_code": "A",
        "ward_name": "Colaba / Fort / Nariman Point",
        "feature_type": "heat_dot",
        "is_centroid": false,
        "lst_temp": 32.0,
        "hvi_score": 39.4,
        "ndvi": 0.33,
        "ndbi": 0.53,
        "risk_tier": "Moderate",
        "cluster_id": 2
      }
    },
    {
      "type": "Feature",
      "geometry": {
        "type": "Point",
        "coordinates": [
          72.82134,
          18.91027
        ]
      },
      "properties": {
        "ward_id": "WARD_A",
        "ward_code": "A",
        "ward_name": "Colaba / Fort / Nariman Point",
        "feature_type": "heat_dot",
        "is_centroid": false,
        "lst_temp": 32.3,
        "hvi_score": 40.0,
        "ndvi": 0.32,
        "ndbi": 0.54,
        "risk_tier": "Moderate",
        "cluster_id": 2
      }
    },
    {
      "type": "Feature",
      "geometry": {
        "type": "Point",
        "coordinates": [
          72.82191,
          18.90472
        ]
      },
      "properties": {
        "ward_id": "WARD_A",
        "ward_code": "A",
        "ward_name": "Colaba / Fort / Nariman Point",
        "feature_type": "heat_dot",
        "is_centroid": false,
        "lst_temp": 33.8,
        "hvi_score": 43.2,
        "ndvi": 0.26,
        "ndbi": 0.6,
        "risk_tier": "Moderate",
        "cluster_id": 2
      }
    },
    {
      "type": "Feature",
      "geometry": {
        "type": "Point",
        "coordinates": [
          72.82355,
          18.89826
        ]
      },
      "properties": {
        "ward_id": "WARD_A",
        "ward_code": "A",
        "ward_name": "Colaba / Fort / Nariman Point",
        "feature_type": "heat_dot",
        "is_centroid": false,
        "lst_temp": 34.0,
        "hvi_score": 43.7,
        "ndvi": 0.25,
        "ndbi": 0.61,
        "risk_tier": "Moderate",
        "cluster_id": 2
      }
    },
    {
      "type": "Feature",
      "geometry": {
        "type": "Point",
        "coordinates": [
          72.82779,
          18.9027
        ]
      },
      "properties": {
        "ward_id": "WARD_A",
        "ward_code": "A",
        "ward_name": "Colaba / Fort / Nariman Point",
        "feature_type": "heat_dot",
        "is_centroid": false,
        "lst_temp": 33.6,
        "hvi_score": 42.9,
        "ndvi": 0.26,
        "ndbi": 0.6,
        "risk_tier": "Moderate",
        "cluster_id": 2
      }
    },
    {
      "type": "Feature",
      "geometry": {
        "type": "Point",
        "coordinates": [
          72.83335,
          18.90269
        ]
      },
      "properties": {
        "ward_id": "WARD_A",
        "ward_code": "A",
        "ward_name": "Colaba / Fort / Nariman Point",
        "feature_type": "heat_dot",
        "is_centroid": false,
        "lst_temp": 34.3,
        "hvi_score": 44.3,
        "ndvi": 0.24,
        "ndbi": 0.62,
        "risk_tier": "Moderate",
        "cluster_id": 2
      }
    },
    {
      "type": "Feature",
      "geometry": {
        "type": "Point",
        "coordinates": [
          72.83559,
          18.91008
        ]
      },
      "properties": {
        "ward_id": "WARD_A",
        "ward_code": "A",
        "ward_name": "Colaba / Fort / Nariman Point",
        "feature_type": "heat_dot",
        "is_centroid": false,
        "lst_temp": 33.0,
        "hvi_score": 41.6,
        "ndvi": 0.29,
        "ndbi": 0.57,
        "risk_tier": "Moderate",
        "cluster_id": 2
      }
    },
    {
      "type": "Feature",
      "id": "WARD_B",
      "geometry": {
        "type": "Polygon",
        "coordinates": [
          [
            [
              72.85256,
              18.951
            ],
            [
              72.85196,
              18.95554
            ],
            [
              72.8495,
              18.95925
            ],
            [
              72.84581,
              18.96111
            ],
            [
              72.842,
              18.96098
            ],
            [
              72.83854,
              18.9602
            ],
            [
              72.83417,
              18.95961
            ],
            [
              72.83139,
              18.95583
            ],
            [
              72.83259,
              18.951
            ],
            [
              72.83338,
              18.94707
            ],
            [
              72.83529,
              18.94362
            ],
            [
              72.83828,
              18.94112
            ],
            [
              72.842,
              18.93878
            ],
            [
              72.84632,
              18.93954
            ],
            [
              72.84817,
              18.94422
            ],
            [
              72.84988,
              18.94741
            ],
            [
              72.85256,
              18.951
            ]
          ]
        ]
      },
      "properties": {
        "ward_id": "WARD_B",
        "ward_code": "B",
        "ward_name": "Sandhurst Road / Dongri",
        "zone": "Zone 1",
        "feature_type": "ward_polygon",
        "area_sqkm": 2.8,
        "hvi_score": 84.5,
        "risk_tier": "Extreme",
        "lst_mean": 38.5,
        "ndvi_mean": 0.08,
        "ndbi_mean": 0.82,
        "pop_density": 85000,
        "cluster_id": 0,
        "cluster_name": "Concrete Thermal Hotspot",
        "is_demo_data": true
      }
    },
    {
      "type": "Feature",
      "geometry": {
        "type": "Point",
        "coordinates": [
          72.842,
          18.951
        ]
      },
      "properties": {
        "ward_id": "WARD_B",
        "ward_code": "B",
        "ward_name": "Sandhurst Road / Dongri",
        "feature_type": "heat_dot",
        "is_centroid": true,
        "lst_temp": 38.5,
        "hvi_score": 84.5,
        "ndvi": 0.08,
        "ndbi": 0.82,
        "risk_tier": "Extreme",
        "cluster_id": 0
      }
    },
    {
      "type": "Feature",
      "geometry": {
        "type": "Point",
        "coordinates": [
          72.84844,
          18.95
        ]
      },
      "properties": {
        "ward_id": "WARD_B",
        "ward_code": "B",
        "ward_name": "Sandhurst Road / Dongri",
        "feature_type": "heat_dot",
        "is_centroid": false,
        "lst_temp": 37.7,
        "hvi_score": 82.8,
        "ndvi": 0.11,
        "ndbi": 0.79,
        "risk_tier": "Extreme",
        "cluster_id": 0
      }
    },
    {
      "type": "Feature",
      "geometry": {
        "type": "Point",
        "coordinates": [
          72.84502,
          18.95261
        ]
      },
      "properties": {
        "ward_id": "WARD_B",
        "ward_code": "B",
        "ward_name": "Sandhurst Road / Dongri",
        "feature_type": "heat_dot",
        "is_centroid": false,
        "lst_temp": 39.6,
        "hvi_score": 86.8,
        "ndvi": 0.04,
        "ndbi": 0.86,
        "risk_tier": "Extreme",
        "cluster_id": 0
      }
    },
    {
      "type": "Feature",
      "geometry": {
        "type": "Point",
        "coordinates": [
          72.84342,
          18.95259
        ]
      },
      "properties": {
        "ward_id": "WARD_B",
        "ward_code": "B",
        "ward_name": "Sandhurst Road / Dongri",
        "feature_type": "heat_dot",
        "is_centroid": false,
        "lst_temp": 40.2,
        "hvi_score": 88.1,
        "ndvi": 0.02,
        "ndbi": 0.89,
        "risk_tier": "Extreme",
        "cluster_id": 0
      }
    },
    {
      "type": "Feature",
      "geometry": {
        "type": "Point",
        "coordinates": [
          72.84327,
          18.95516
        ]
      },
      "properties": {
        "ward_id": "WARD_B",
        "ward_code": "B",
        "ward_name": "Sandhurst Road / Dongri",
        "feature_type": "heat_dot",
        "is_centroid": false,
        "lst_temp": 38.6,
        "hvi_score": 84.8,
        "ndvi": 0.07,
        "ndbi": 0.83,
        "risk_tier": "Extreme",
        "cluster_id": 0
      }
    },
    {
      "type": "Feature",
      "geometry": {
        "type": "Point",
        "coordinates": [
          72.84202,
          18.95754
        ]
      },
      "properties": {
        "ward_id": "WARD_B",
        "ward_code": "B",
        "ward_name": "Sandhurst Road / Dongri",
        "feature_type": "heat_dot",
        "is_centroid": false,
        "lst_temp": 39.7,
        "hvi_score": 87.2,
        "ndvi": 0.03,
        "ndbi": 0.87,
        "risk_tier": "Extreme",
        "cluster_id": 0
      }
    },
    {
      "type": "Feature",
      "geometry": {
        "type": "Point",
        "coordinates": [
          72.83886,
          18.95789
        ]
      },
      "properties": {
        "ward_id": "WARD_B",
        "ward_code": "B",
        "ward_name": "Sandhurst Road / Dongri",
        "feature_type": "heat_dot",
        "is_centroid": false,
        "lst_temp": 37.6,
        "hvi_score": 82.5,
        "ndvi": 0.12,
        "ndbi": 0.78,
        "risk_tier": "Extreme",
        "cluster_id": 0
      }
    },
    {
      "type": "Feature",
      "geometry": {
        "type": "Point",
        "coordinates": [
          72.84056,
          18.95424
        ]
      },
      "properties": {
        "ward_id": "WARD_B",
        "ward_code": "B",
        "ward_name": "Sandhurst Road / Dongri",
        "feature_type": "heat_dot",
        "is_centroid": false,
        "lst_temp": 37.5,
        "hvi_score": 82.2,
        "ndvi": 0.12,
        "ndbi": 0.78,
        "risk_tier": "Extreme",
        "cluster_id": 0
      }
    },
    {
      "type": "Feature",
      "geometry": {
        "type": "Point",
        "coordinates": [
          72.83652,
          18.95391
        ]
      },
      "properties": {
        "ward_id": "WARD_B",
        "ward_code": "B",
        "ward_name": "Sandhurst Road / Dongri",
        "feature_type": "heat_dot",
        "is_centroid": false,
        "lst_temp": 40.2,
        "hvi_score": 88.3,
        "ndvi": 0.02,
        "ndbi": 0.89,
        "risk_tier": "Extreme",
        "cluster_id": 0
      }
    },
    {
      "type": "Feature",
      "geometry": {
        "type": "Point",
        "coordinates": [
          72.83589,
          18.95128
        ]
      },
      "properties": {
        "ward_id": "WARD_B",
        "ward_code": "B",
        "ward_name": "Sandhurst Road / Dongri",
        "feature_type": "heat_dot",
        "is_centroid": false,
        "lst_temp": 40.3,
        "hvi_score": 88.4,
        "ndvi": 0.02,
        "ndbi": 0.89,
        "risk_tier": "Extreme",
        "cluster_id": 0
      }
    },
    {
      "type": "Feature",
      "geometry": {
        "type": "Point",
        "coordinates": [
          72.83829,
          18.94982
        ]
      },
      "properties": {
        "ward_id": "WARD_B",
        "ward_code": "B",
        "ward_name": "Sandhurst Road / Dongri",
        "feature_type": "heat_dot",
        "is_centroid": false,
        "lst_temp": 39.6,
        "hvi_score": 86.8,
        "ndvi": 0.04,
        "ndbi": 0.86,
        "risk_tier": "Extreme",
        "cluster_id": 0
      }
    },
    {
      "type": "Feature",
      "geometry": {
        "type": "Point",
        "coordinates": [
          72.83932,
          18.9486
        ]
      },
      "properties": {
        "ward_id": "WARD_B",
        "ward_code": "B",
        "ward_name": "Sandhurst Road / Dongri",
        "feature_type": "heat_dot",
        "is_centroid": false,
        "lst_temp": 37.6,
        "hvi_score": 82.5,
        "ndvi": 0.12,
        "ndbi": 0.78,
        "risk_tier": "Extreme",
        "cluster_id": 0
      }
    },
    {
      "type": "Feature",
      "geometry": {
        "type": "Point",
        "coordinates": [
          72.84054,
          18.94935
        ]
      },
      "properties": {
        "ward_id": "WARD_B",
        "ward_code": "B",
        "ward_name": "Sandhurst Road / Dongri",
        "feature_type": "heat_dot",
        "is_centroid": false,
        "lst_temp": 39.3,
        "hvi_score": 86.3,
        "ndvi": 0.05,
        "ndbi": 0.85,
        "risk_tier": "Extreme",
        "cluster_id": 0
      }
    },
    {
      "type": "Feature",
      "geometry": {
        "type": "Point",
        "coordinates": [
          72.84151,
          18.94412
        ]
      },
      "properties": {
        "ward_id": "WARD_B",
        "ward_code": "B",
        "ward_name": "Sandhurst Road / Dongri",
        "feature_type": "heat_dot",
        "is_centroid": false,
        "lst_temp": 38.8,
        "hvi_score": 85.1,
        "ndvi": 0.07,
        "ndbi": 0.83,
        "risk_tier": "Extreme",
        "cluster_id": 0
      }
    },
    {
      "type": "Feature",
      "geometry": {
        "type": "Point",
        "coordinates": [
          72.84301,
          18.94677
        ]
      },
      "properties": {
        "ward_id": "WARD_B",
        "ward_code": "B",
        "ward_name": "Sandhurst Road / Dongri",
        "feature_type": "heat_dot",
        "is_centroid": false,
        "lst_temp": 38.0,
        "hvi_score": 83.5,
        "ndvi": 0.1,
        "ndbi": 0.8,
        "risk_tier": "Extreme",
        "cluster_id": 0
      }
    },
    {
      "type": "Feature",
      "geometry": {
        "type": "Point",
        "coordinates": [
          72.8427,
          18.94818
        ]
      },
      "properties": {
        "ward_id": "WARD_B",
        "ward_code": "B",
        "ward_name": "Sandhurst Road / Dongri",
        "feature_type": "heat_dot",
        "is_centroid": false,
        "lst_temp": 39.1,
        "hvi_score": 85.9,
        "ndvi": 0.05,
        "ndbi": 0.85,
        "risk_tier": "Extreme",
        "cluster_id": 0
      }
    },
    {
      "type": "Feature",
      "geometry": {
        "type": "Point",
        "coordinates": [
          72.84717,
          18.94547
        ]
      },
      "properties": {
        "ward_id": "WARD_B",
        "ward_code": "B",
        "ward_name": "Sandhurst Road / Dongri",
        "feature_type": "heat_dot",
        "is_centroid": false,
        "lst_temp": 36.7,
        "hvi_score": 80.6,
        "ndvi": 0.15,
        "ndbi": 0.75,
        "risk_tier": "Extreme",
        "cluster_id": 0
      }
    },
    {
      "type": "Feature",
      "geometry": {
        "type": "Point",
        "coordinates": [
          72.84817,
          18.94947
        ]
      },
      "properties": {
        "ward_id": "WARD_B",
        "ward_code": "B",
        "ward_name": "Sandhurst Road / Dongri",
        "feature_type": "heat_dot",
        "is_centroid": false,
        "lst_temp": 38.9,
        "hvi_score": 85.5,
        "ndvi": 0.06,
        "ndbi": 0.84,
        "risk_tier": "Extreme",
        "cluster_id": 0
      }
    },
    {
      "type": "Feature",
      "id": "WARD_C",
      "geometry": {
        "type": "Polygon",
        "coordinates": [
          [
            [
              72.83262,
              18.951
            ],
            [
              72.83202,
              18.95556
            ],
            [
              72.82934,
              18.95907
            ],
            [
              72.82585,
              18.96123
            ],
            [
              72.822,
              18.96049
            ],
            [
              72.81873,
              18.95967
            ],
            [
              72.81402,
              18.95978
            ],
            [
              72.8112,
              18.95592
            ],
            [
              72.81245,
              18.951
            ],
            [
              72.81355,
              18.94715
            ],
            [
              72.81498,
              18.94328
            ],
            [
              72.81817,
              18.94083
            ],
            [
              72.822,
              18.9384
            ],
            [
              72.82627,
              18.93966
            ],
            [
              72.82808,
              18.94431
            ],
            [
              72.8296,
              18.94754
            ],
            [
              72.83262,
              18.951
            ]
          ]
        ]
      },
      "properties": {
        "ward_id": "WARD_C",
        "ward_code": "C",
        "ward_name": "Marine Lines / Bhuleshwar",
        "zone": "Zone 1",
        "feature_type": "ward_polygon",
        "area_sqkm": 1.8,
        "hvi_score": 81.2,
        "risk_tier": "Extreme",
        "lst_mean": 37.1,
        "ndvi_mean": 0.11,
        "ndbi_mean": 0.78,
        "pop_density": 92000,
        "cluster_id": 0,
        "cluster_name": "Concrete Thermal Hotspot",
        "is_demo_data": true
      }
    },
    {
      "type": "Feature",
      "geometry": {
        "type": "Point",
        "coordinates": [
          72.822,
          18.951
        ]
      },
      "properties": {
        "ward_id": "WARD_C",
        "ward_code": "C",
        "ward_name": "Marine Lines / Bhuleshwar",
        "feature_type": "heat_dot",
        "is_centroid": true,
        "lst_temp": 37.1,
        "hvi_score": 81.2,
        "ndvi": 0.11,
        "ndbi": 0.78,
        "risk_tier": "Extreme",
        "cluster_id": 0
      }
    },
    {
      "type": "Feature",
      "geometry": {
        "type": "Point",
        "coordinates": [
          72.82646,
          18.95151
        ]
      },
      "properties": {
        "ward_id": "WARD_C",
        "ward_code": "C",
        "ward_name": "Marine Lines / Bhuleshwar",
        "feature_type": "heat_dot",
        "is_centroid": false,
        "lst_temp": 36.7,
        "hvi_score": 80.3,
        "ndvi": 0.13,
        "ndbi": 0.76,
        "risk_tier": "Extreme",
        "cluster_id": 0
      }
    },
    {
      "type": "Feature",
      "geometry": {
        "type": "Point",
        "coordinates": [
          72.82504,
          18.95217
        ]
      },
      "properties": {
        "ward_id": "WARD_C",
        "ward_code": "C",
        "ward_name": "Marine Lines / Bhuleshwar",
        "feature_type": "heat_dot",
        "is_centroid": false,
        "lst_temp": 36.1,
        "hvi_score": 79.1,
        "ndvi": 0.15,
        "ndbi": 0.74,
        "risk_tier": "Extreme",
        "cluster_id": 0
      }
    },
    {
      "type": "Feature",
      "geometry": {
        "type": "Point",
        "coordinates": [
          72.82616,
          18.95526
        ]
      },
      "properties": {
        "ward_id": "WARD_C",
        "ward_code": "C",
        "ward_name": "Marine Lines / Bhuleshwar",
        "feature_type": "heat_dot",
        "is_centroid": false,
        "lst_temp": 38.2,
        "hvi_score": 83.5,
        "ndvi": 0.07,
        "ndbi": 0.82,
        "risk_tier": "Extreme",
        "cluster_id": 0
      }
    },
    {
      "type": "Feature",
      "geometry": {
        "type": "Point",
        "coordinates": [
          72.82537,
          18.95793
        ]
      },
      "properties": {
        "ward_id": "WARD_C",
        "ward_code": "C",
        "ward_name": "Marine Lines / Bhuleshwar",
        "feature_type": "heat_dot",
        "is_centroid": false,
        "lst_temp": 35.8,
        "hvi_score": 78.4,
        "ndvi": 0.16,
        "ndbi": 0.73,
        "risk_tier": "Extreme",
        "cluster_id": 0
      }
    },
    {
      "type": "Feature",
      "geometry": {
        "type": "Point",
        "coordinates": [
          72.82134,
          18.95782
        ]
      },
      "properties": {
        "ward_id": "WARD_C",
        "ward_code": "C",
        "ward_name": "Marine Lines / Bhuleshwar",
        "feature_type": "heat_dot",
        "is_centroid": false,
        "lst_temp": 38.4,
        "hvi_score": 84.0,
        "ndvi": 0.06,
        "ndbi": 0.83,
        "risk_tier": "Extreme",
        "cluster_id": 0
      }
    },
    {
      "type": "Feature",
      "geometry": {
        "type": "Point",
        "coordinates": [
          72.82133,
          18.95671
        ]
      },
      "properties": {
        "ward_id": "WARD_C",
        "ward_code": "C",
        "ward_name": "Marine Lines / Bhuleshwar",
        "feature_type": "heat_dot",
        "is_centroid": false,
        "lst_temp": 37.9,
        "hvi_score": 82.9,
        "ndvi": 0.08,
        "ndbi": 0.81,
        "risk_tier": "Extreme",
        "cluster_id": 0
      }
    },
    {
      "type": "Feature",
      "geometry": {
        "type": "Point",
        "coordinates": [
          72.81775,
          18.95564
        ]
      },
      "properties": {
        "ward_id": "WARD_C",
        "ward_code": "C",
        "ward_name": "Marine Lines / Bhuleshwar",
        "feature_type": "heat_dot",
        "is_centroid": false,
        "lst_temp": 35.4,
        "hvi_score": 77.5,
        "ndvi": 0.18,
        "ndbi": 0.71,
        "risk_tier": "Extreme",
        "cluster_id": 0
      }
    },
    {
      "type": "Feature",
      "geometry": {
        "type": "Point",
        "coordinates": [
          72.81999,
          18.95227
        ]
      },
      "properties": {
        "ward_id": "WARD_C",
        "ward_code": "C",
        "ward_name": "Marine Lines / Bhuleshwar",
        "feature_type": "heat_dot",
        "is_centroid": false,
        "lst_temp": 38.5,
        "hvi_score": 84.3,
        "ndvi": 0.05,
        "ndbi": 0.84,
        "risk_tier": "Extreme",
        "cluster_id": 0
      }
    },
    {
      "type": "Feature",
      "geometry": {
        "type": "Point",
        "coordinates": [
          72.81769,
          18.95129
        ]
      },
      "properties": {
        "ward_id": "WARD_C",
        "ward_code": "C",
        "ward_name": "Marine Lines / Bhuleshwar",
        "feature_type": "heat_dot",
        "is_centroid": false,
        "lst_temp": 38.6,
        "hvi_score": 84.5,
        "ndvi": 0.05,
        "ndbi": 0.84,
        "risk_tier": "Extreme",
        "cluster_id": 0
      }
    },
    {
      "type": "Feature",
      "geometry": {
        "type": "Point",
        "coordinates": [
          72.81749,
          18.95088
        ]
      },
      "properties": {
        "ward_id": "WARD_C",
        "ward_code": "C",
        "ward_name": "Marine Lines / Bhuleshwar",
        "feature_type": "heat_dot",
        "is_centroid": false,
        "lst_temp": 35.7,
        "hvi_score": 78.2,
        "ndvi": 0.16,
        "ndbi": 0.73,
        "risk_tier": "Extreme",
        "cluster_id": 0
      }
    },
    {
      "type": "Feature",
      "geometry": {
        "type": "Point",
        "coordinates": [
          72.81677,
          18.94652
        ]
      },
      "properties": {
        "ward_id": "WARD_C",
        "ward_code": "C",
        "ward_name": "Marine Lines / Bhuleshwar",
        "feature_type": "heat_dot",
        "is_centroid": false,
        "lst_temp": 37.2,
        "hvi_score": 81.4,
        "ndvi": 0.11,
        "ndbi": 0.78,
        "risk_tier": "Extreme",
        "cluster_id": 0
      }
    },
    {
      "type": "Feature",
      "geometry": {
        "type": "Point",
        "coordinates": [
          72.82102,
          18.94922
        ]
      },
      "properties": {
        "ward_id": "WARD_C",
        "ward_code": "C",
        "ward_name": "Marine Lines / Bhuleshwar",
        "feature_type": "heat_dot",
        "is_centroid": false,
        "lst_temp": 35.9,
        "hvi_score": 78.6,
        "ndvi": 0.16,
        "ndbi": 0.73,
        "risk_tier": "Extreme",
        "cluster_id": 0
      }
    },
    {
      "type": "Feature",
      "geometry": {
        "type": "Point",
        "coordinates": [
          72.82022,
          18.94686
        ]
      },
      "properties": {
        "ward_id": "WARD_C",
        "ward_code": "C",
        "ward_name": "Marine Lines / Bhuleshwar",
        "feature_type": "heat_dot",
        "is_centroid": false,
        "lst_temp": 37.6,
        "hvi_score": 82.3,
        "ndvi": 0.09,
        "ndbi": 0.8,
        "risk_tier": "Extreme",
        "cluster_id": 0
      }
    },
    {
      "type": "Feature",
      "geometry": {
        "type": "Point",
        "coordinates": [
          72.82292,
          18.94704
        ]
      },
      "properties": {
        "ward_id": "WARD_C",
        "ward_code": "C",
        "ward_name": "Marine Lines / Bhuleshwar",
        "feature_type": "heat_dot",
        "is_centroid": false,
        "lst_temp": 37.1,
        "hvi_score": 81.3,
        "ndvi": 0.11,
        "ndbi": 0.78,
        "risk_tier": "Extreme",
        "cluster_id": 0
      }
    },
    {
      "type": "Feature",
      "geometry": {
        "type": "Point",
        "coordinates": [
          72.82365,
          18.94803
        ]
      },
      "properties": {
        "ward_id": "WARD_C",
        "ward_code": "C",
        "ward_name": "Marine Lines / Bhuleshwar",
        "feature_type": "heat_dot",
        "is_centroid": false,
        "lst_temp": 37.1,
        "hvi_score": 81.2,
        "ndvi": 0.11,
        "ndbi": 0.78,
        "risk_tier": "Extreme",
        "cluster_id": 0
      }
    },
    {
      "type": "Feature",
      "geometry": {
        "type": "Point",
        "coordinates": [
          72.82461,
          18.9479
        ]
      },
      "properties": {
        "ward_id": "WARD_C",
        "ward_code": "C",
        "ward_name": "Marine Lines / Bhuleshwar",
        "feature_type": "heat_dot",
        "is_centroid": false,
        "lst_temp": 37.4,
        "hvi_score": 81.9,
        "ndvi": 0.1,
        "ndbi": 0.79,
        "risk_tier": "Extreme",
        "cluster_id": 0
      }
    },
    {
      "type": "Feature",
      "geometry": {
        "type": "Point",
        "coordinates": [
          72.82666,
          18.94894
        ]
      },
      "properties": {
        "ward_id": "WARD_C",
        "ward_code": "C",
        "ward_name": "Marine Lines / Bhuleshwar",
        "feature_type": "heat_dot",
        "is_centroid": false,
        "lst_temp": 37.2,
        "hvi_score": 81.4,
        "ndvi": 0.11,
        "ndbi": 0.78,
        "risk_tier": "Extreme",
        "cluster_id": 0
      }
    },
    {
      "type": "Feature",
      "id": "WARD_D",
      "geometry": {
        "type": "Polygon",
        "coordinates": [
          [
            [
              72.82283,
              18.966
            ],
            [
              72.82166,
              18.97248
            ],
            [
              72.81819,
              18.97793
            ],
            [
              72.81268,
              18.98064
            ],
            [
              72.807,
              18.97973
            ],
            [
              72.80192,
              18.97907
            ],
            [
              72.79471,
              18.97911
            ],
            [
              72.79066,
              18.97322
            ],
            [
              72.79333,
              18.966
            ],
            [
              72.79444,
              18.96045
            ],
            [
              72.79641,
              18.9547
            ],
            [
              72.80125,
              18.95121
            ],
            [
              72.807,
              18.94841
            ],
            [
              72.81344,
              18.94943
            ],
            [
              72.81605,
              18.95635
            ],
            [
              72.81904,
              18.96068
            ],
            [
              72.82283,
              18.966
            ]
          ]
        ]
      },
      "properties": {
        "ward_id": "WARD_D",
        "ward_code": "D",
        "ward_name": "Malabar Hill / Tardeo / Girgaon",
        "zone": "Zone 1",
        "feature_type": "ward_polygon",
        "area_sqkm": 7.5,
        "hvi_score": 35.8,
        "risk_tier": "Moderate",
        "lst_mean": 31.8,
        "ndvi_mean": 0.42,
        "ndbi_mean": 0.45,
        "pop_density": 38000,
        "cluster_id": 1,
        "cluster_name": "Vegetated Thermal Buffer",
        "is_demo_data": true
      }
    },
    {
      "type": "Feature",
      "geometry": {
        "type": "Point",
        "coordinates": [
          72.807,
          18.966
        ]
      },
      "properties": {
        "ward_id": "WARD_D",
        "ward_code": "D",
        "ward_name": "Malabar Hill / Tardeo / Girgaon",
        "feature_type": "heat_dot",
        "is_centroid": true,
        "lst_temp": 31.8,
        "hvi_score": 35.8,
        "ndvi": 0.42,
        "ndbi": 0.45,
        "risk_tier": "Moderate",
        "cluster_id": 1
      }
    },
    {
      "type": "Feature",
      "geometry": {
        "type": "Point",
        "coordinates": [
          72.81481,
          18.96594
        ]
      },
      "properties": {
        "ward_id": "WARD_D",
        "ward_code": "D",
        "ward_name": "Malabar Hill / Tardeo / Girgaon",
        "feature_type": "heat_dot",
        "is_centroid": false,
        "lst_temp": 33.4,
        "hvi_score": 39.3,
        "ndvi": 0.36,
        "ndbi": 0.51,
        "risk_tier": "Moderate",
        "cluster_id": 1
      }
    },
    {
      "type": "Feature",
      "geometry": {
        "type": "Point",
        "coordinates": [
          72.81129,
          18.96774
        ]
      },
      "properties": {
        "ward_id": "WARD_D",
        "ward_code": "D",
        "ward_name": "Malabar Hill / Tardeo / Girgaon",
        "feature_type": "heat_dot",
        "is_centroid": false,
        "lst_temp": 31.3,
        "hvi_score": 34.7,
        "ndvi": 0.44,
        "ndbi": 0.43,
        "risk_tier": "Moderate",
        "cluster_id": 1
      }
    },
    {
      "type": "Feature",
      "geometry": {
        "type": "Point",
        "coordinates": [
          72.81194,
          18.97284
        ]
      },
      "properties": {
        "ward_id": "WARD_D",
        "ward_code": "D",
        "ward_name": "Malabar Hill / Tardeo / Girgaon",
        "feature_type": "heat_dot",
        "is_centroid": false,
        "lst_temp": 33.2,
        "hvi_score": 38.9,
        "ndvi": 0.36,
        "ndbi": 0.51,
        "risk_tier": "Moderate",
        "cluster_id": 1
      }
    },
    {
      "type": "Feature",
      "geometry": {
        "type": "Point",
        "coordinates": [
          72.81118,
          18.9739
        ]
      },
      "properties": {
        "ward_id": "WARD_D",
        "ward_code": "D",
        "ward_name": "Malabar Hill / Tardeo / Girgaon",
        "feature_type": "heat_dot",
        "is_centroid": false,
        "lst_temp": 33.3,
        "hvi_score": 39.2,
        "ndvi": 0.36,
        "ndbi": 0.51,
        "risk_tier": "Moderate",
        "cluster_id": 1
      }
    },
    {
      "type": "Feature",
      "geometry": {
        "type": "Point",
        "coordinates": [
          72.80928,
          18.9758
        ]
      },
      "properties": {
        "ward_id": "WARD_D",
        "ward_code": "D",
        "ward_name": "Malabar Hill / Tardeo / Girgaon",
        "feature_type": "heat_dot",
        "is_centroid": false,
        "lst_temp": 33.3,
        "hvi_score": 39.0,
        "ndvi": 0.36,
        "ndbi": 0.51,
        "risk_tier": "Moderate",
        "cluster_id": 1
      }
    },
    {
      "type": "Feature",
      "geometry": {
        "type": "Point",
        "coordinates": [
          72.80534,
          18.96954
        ]
      },
      "properties": {
        "ward_id": "WARD_D",
        "ward_code": "D",
        "ward_name": "Malabar Hill / Tardeo / Girgaon",
        "feature_type": "heat_dot",
        "is_centroid": false,
        "lst_temp": 30.7,
        "hvi_score": 33.4,
        "ndvi": 0.46,
        "ndbi": 0.41,
        "risk_tier": "Moderate",
        "cluster_id": 1
      }
    },
    {
      "type": "Feature",
      "geometry": {
        "type": "Point",
        "coordinates": [
          72.80263,
          18.97041
        ]
      },
      "properties": {
        "ward_id": "WARD_D",
        "ward_code": "D",
        "ward_name": "Malabar Hill / Tardeo / Girgaon",
        "feature_type": "heat_dot",
        "is_centroid": false,
        "lst_temp": 31.0,
        "hvi_score": 34.1,
        "ndvi": 0.45,
        "ndbi": 0.42,
        "risk_tier": "Moderate",
        "cluster_id": 1
      }
    },
    {
      "type": "Feature",
      "geometry": {
        "type": "Point",
        "coordinates": [
          72.80231,
          18.96868
        ]
      },
      "properties": {
        "ward_id": "WARD_D",
        "ward_code": "D",
        "ward_name": "Malabar Hill / Tardeo / Girgaon",
        "feature_type": "heat_dot",
        "is_centroid": false,
        "lst_temp": 31.3,
        "hvi_score": 34.7,
        "ndvi": 0.44,
        "ndbi": 0.43,
        "risk_tier": "Moderate",
        "cluster_id": 1
      }
    },
    {
      "type": "Feature",
      "geometry": {
        "type": "Point",
        "coordinates": [
          72.80276,
          18.96705
        ]
      },
      "properties": {
        "ward_id": "WARD_D",
        "ward_code": "D",
        "ward_name": "Malabar Hill / Tardeo / Girgaon",
        "feature_type": "heat_dot",
        "is_centroid": false,
        "lst_temp": 33.0,
        "hvi_score": 38.5,
        "ndvi": 0.37,
        "ndbi": 0.5,
        "risk_tier": "Moderate",
        "cluster_id": 1
      }
    },
    {
      "type": "Feature",
      "geometry": {
        "type": "Point",
        "coordinates": [
          72.80347,
          18.965
        ]
      },
      "properties": {
        "ward_id": "WARD_D",
        "ward_code": "D",
        "ward_name": "Malabar Hill / Tardeo / Girgaon",
        "feature_type": "heat_dot",
        "is_centroid": false,
        "lst_temp": 30.6,
        "hvi_score": 33.3,
        "ndvi": 0.47,
        "ndbi": 0.4,
        "risk_tier": "Moderate",
        "cluster_id": 1
      }
    },
    {
      "type": "Feature",
      "geometry": {
        "type": "Point",
        "coordinates": [
          72.80112,
          18.96361
        ]
      },
      "properties": {
        "ward_id": "WARD_D",
        "ward_code": "D",
        "ward_name": "Malabar Hill / Tardeo / Girgaon",
        "feature_type": "heat_dot",
        "is_centroid": false,
        "lst_temp": 32.4,
        "hvi_score": 37.2,
        "ndvi": 0.39,
        "ndbi": 0.48,
        "risk_tier": "Moderate",
        "cluster_id": 1
      }
    },
    {
      "type": "Feature",
      "geometry": {
        "type": "Point",
        "coordinates": [
          72.80444,
          18.96243
        ]
      },
      "properties": {
        "ward_id": "WARD_D",
        "ward_code": "D",
        "ward_name": "Malabar Hill / Tardeo / Girgaon",
        "feature_type": "heat_dot",
        "is_centroid": false,
        "lst_temp": 32.2,
        "hvi_score": 36.6,
        "ndvi": 0.4,
        "ndbi": 0.47,
        "risk_tier": "Moderate",
        "cluster_id": 1
      }
    },
    {
      "type": "Feature",
      "geometry": {
        "type": "Point",
        "coordinates": [
          72.80651,
          18.96321
        ]
      },
      "properties": {
        "ward_id": "WARD_D",
        "ward_code": "D",
        "ward_name": "Malabar Hill / Tardeo / Girgaon",
        "feature_type": "heat_dot",
        "is_centroid": false,
        "lst_temp": 30.5,
        "hvi_score": 33.0,
        "ndvi": 0.47,
        "ndbi": 0.4,
        "risk_tier": "Moderate",
        "cluster_id": 1
      }
    },
    {
      "type": "Feature",
      "geometry": {
        "type": "Point",
        "coordinates": [
          72.80727,
          18.95962
        ]
      },
      "properties": {
        "ward_id": "WARD_D",
        "ward_code": "D",
        "ward_name": "Malabar Hill / Tardeo / Girgaon",
        "feature_type": "heat_dot",
        "is_centroid": false,
        "lst_temp": 31.9,
        "hvi_score": 36.1,
        "ndvi": 0.41,
        "ndbi": 0.46,
        "risk_tier": "Moderate",
        "cluster_id": 1
      }
    },
    {
      "type": "Feature",
      "geometry": {
        "type": "Point",
        "coordinates": [
          72.8097,
          18.9607
        ]
      },
      "properties": {
        "ward_id": "WARD_D",
        "ward_code": "D",
        "ward_name": "Malabar Hill / Tardeo / Girgaon",
        "feature_type": "heat_dot",
        "is_centroid": false,
        "lst_temp": 32.1,
        "hvi_score": 36.5,
        "ndvi": 0.41,
        "ndbi": 0.46,
        "risk_tier": "Moderate",
        "cluster_id": 1
      }
    },
    {
      "type": "Feature",
      "geometry": {
        "type": "Point",
        "coordinates": [
          72.80925,
          18.96381
        ]
      },
      "properties": {
        "ward_id": "WARD_D",
        "ward_code": "D",
        "ward_name": "Malabar Hill / Tardeo / Girgaon",
        "feature_type": "heat_dot",
        "is_centroid": false,
        "lst_temp": 30.6,
        "hvi_score": 33.1,
        "ndvi": 0.47,
        "ndbi": 0.4,
        "risk_tier": "Moderate",
        "cluster_id": 1
      }
    },
    {
      "type": "Feature",
      "geometry": {
        "type": "Point",
        "coordinates": [
          72.81275,
          18.96297
        ]
      },
      "properties": {
        "ward_id": "WARD_D",
        "ward_code": "D",
        "ward_name": "Malabar Hill / Tardeo / Girgaon",
        "feature_type": "heat_dot",
        "is_centroid": false,
        "lst_temp": 30.8,
        "hvi_score": 33.6,
        "ndvi": 0.46,
        "ndbi": 0.41,
        "risk_tier": "Moderate",
        "cluster_id": 1
      }
    },
    {
      "type": "Feature",
      "id": "WARD_E",
      "geometry": {
        "type": "Polygon",
        "coordinates": [
          [
            [
              72.85368,
              18.977
            ],
            [
              72.85155,
              18.98303
            ],
            [
              72.84764,
              18.98764
            ],
            [
              72.84312,
              18.99178
            ],
            [
              72.837,
              18.98978
            ],
            [
              72.83212,
              18.98879
            ],
            [
              72.82488,
              18.98912
            ],
            [
              72.82088,
              18.98368
            ],
            [
              72.82294,
              18.977
            ],
            [
              72.82442,
              18.97179
            ],
            [
              72.82678,
              18.96678
            ],
            [
              72.83145,
              18.9636
            ],
            [
              72.837,
              18.96066
            ],
            [
              72.84338,
              18.96159
            ],
            [
              72.84641,
              18.96759
            ],
            [
              72.84866,
              18.97217
            ],
            [
              72.85368,
              18.977
            ]
          ]
        ]
      },
      "properties": {
        "ward_id": "WARD_E",
        "ward_code": "E",
        "ward_name": "Byculla / Mazgaon",
        "zone": "Zone 1",
        "feature_type": "ward_polygon",
        "area_sqkm": 7.4,
        "hvi_score": 78.4,
        "risk_tier": "Extreme",
        "lst_mean": 37.8,
        "ndvi_mean": 0.14,
        "ndbi_mean": 0.74,
        "pop_density": 58000,
        "cluster_id": 0,
        "cluster_name": "Concrete Thermal Hotspot",
        "is_demo_data": true
      }
    },
    {
      "type": "Feature",
      "geometry": {
        "type": "Point",
        "coordinates": [
          72.837,
          18.977
        ]
      },
      "properties": {
        "ward_id": "WARD_E",
        "ward_code": "E",
        "ward_name": "Byculla / Mazgaon",
        "feature_type": "heat_dot",
        "is_centroid": true,
        "lst_temp": 37.8,
        "hvi_score": 78.4,
        "ndvi": 0.14,
        "ndbi": 0.74,
        "risk_tier": "Extreme",
        "cluster_id": 0
      }
    },
    {
      "type": "Feature",
      "geometry": {
        "type": "Point",
        "coordinates": [
          72.8452,
          18.97714
        ]
      },
      "properties": {
        "ward_id": "WARD_E",
        "ward_code": "E",
        "ward_name": "Byculla / Mazgaon",
        "feature_type": "heat_dot",
        "is_centroid": false,
        "lst_temp": 37.8,
        "hvi_score": 78.4,
        "ndvi": 0.14,
        "ndbi": 0.74,
        "risk_tier": "Extreme",
        "cluster_id": 0
      }
    },
    {
      "type": "Feature",
      "geometry": {
        "type": "Point",
        "coordinates": [
          72.84254,
          18.97818
        ]
      },
      "properties": {
        "ward_id": "WARD_E",
        "ward_code": "E",
        "ward_name": "Byculla / Mazgaon",
        "feature_type": "heat_dot",
        "is_centroid": false,
        "lst_temp": 36.3,
        "hvi_score": 75.1,
        "ndvi": 0.2,
        "ndbi": 0.68,
        "risk_tier": "Extreme",
        "cluster_id": 0
      }
    },
    {
      "type": "Feature",
      "geometry": {
        "type": "Point",
        "coordinates": [
          72.84099,
          18.98105
        ]
      },
      "properties": {
        "ward_id": "WARD_E",
        "ward_code": "E",
        "ward_name": "Byculla / Mazgaon",
        "feature_type": "heat_dot",
        "is_centroid": false,
        "lst_temp": 39.3,
        "hvi_score": 81.7,
        "ndvi": 0.08,
        "ndbi": 0.8,
        "risk_tier": "Extreme",
        "cluster_id": 0
      }
    },
    {
      "type": "Feature",
      "geometry": {
        "type": "Point",
        "coordinates": [
          72.84072,
          18.98498
        ]
      },
      "properties": {
        "ward_id": "WARD_E",
        "ward_code": "E",
        "ward_name": "Byculla / Mazgaon",
        "feature_type": "heat_dot",
        "is_centroid": false,
        "lst_temp": 37.3,
        "hvi_score": 77.2,
        "ndvi": 0.16,
        "ndbi": 0.72,
        "risk_tier": "Extreme",
        "cluster_id": 0
      }
    },
    {
      "type": "Feature",
      "geometry": {
        "type": "Point",
        "coordinates": [
          72.83765,
          18.98703
        ]
      },
      "properties": {
        "ward_id": "WARD_E",
        "ward_code": "E",
        "ward_name": "Byculla / Mazgaon",
        "feature_type": "heat_dot",
        "is_centroid": false,
        "lst_temp": 37.3,
        "hvi_score": 77.4,
        "ndvi": 0.16,
        "ndbi": 0.72,
        "risk_tier": "Extreme",
        "cluster_id": 0
      }
    },
    {
      "type": "Feature",
      "geometry": {
        "type": "Point",
        "coordinates": [
          72.83259,
          18.98674
        ]
      },
      "properties": {
        "ward_id": "WARD_E",
        "ward_code": "E",
        "ward_name": "Byculla / Mazgaon",
        "feature_type": "heat_dot",
        "is_centroid": false,
        "lst_temp": 37.2,
        "hvi_score": 77.0,
        "ndvi": 0.17,
        "ndbi": 0.71,
        "risk_tier": "Extreme",
        "cluster_id": 0
      }
    },
    {
      "type": "Feature",
      "geometry": {
        "type": "Point",
        "coordinates": [
          72.83435,
          18.97993
        ]
      },
      "properties": {
        "ward_id": "WARD_E",
        "ward_code": "E",
        "ward_name": "Byculla / Mazgaon",
        "feature_type": "heat_dot",
        "is_centroid": false,
        "lst_temp": 39.4,
        "hvi_score": 81.9,
        "ndvi": 0.08,
        "ndbi": 0.8,
        "risk_tier": "Extreme",
        "cluster_id": 0
      }
    },
    {
      "type": "Feature",
      "geometry": {
        "type": "Point",
        "coordinates": [
          72.83459,
          18.97816
        ]
      },
      "properties": {
        "ward_id": "WARD_E",
        "ward_code": "E",
        "ward_name": "Byculla / Mazgaon",
        "feature_type": "heat_dot",
        "is_centroid": false,
        "lst_temp": 38.4,
        "hvi_score": 79.6,
        "ndvi": 0.12,
        "ndbi": 0.76,
        "risk_tier": "Extreme",
        "cluster_id": 0
      }
    },
    {
      "type": "Feature",
      "geometry": {
        "type": "Point",
        "coordinates": [
          72.82807,
          18.97974
        ]
      },
      "properties": {
        "ward_id": "WARD_E",
        "ward_code": "E",
        "ward_name": "Byculla / Mazgaon",
        "feature_type": "heat_dot",
        "is_centroid": false,
        "lst_temp": 38.0,
        "hvi_score": 78.8,
        "ndvi": 0.13,
        "ndbi": 0.75,
        "risk_tier": "Extreme",
        "cluster_id": 0
      }
    },
    {
      "type": "Feature",
      "geometry": {
        "type": "Point",
        "coordinates": [
          72.83201,
          18.97598
        ]
      },
      "properties": {
        "ward_id": "WARD_E",
        "ward_code": "E",
        "ward_name": "Byculla / Mazgaon",
        "feature_type": "heat_dot",
        "is_centroid": false,
        "lst_temp": 37.0,
        "hvi_score": 76.6,
        "ndvi": 0.17,
        "ndbi": 0.71,
        "risk_tier": "Extreme",
        "cluster_id": 0
      }
    },
    {
      "type": "Feature",
      "geometry": {
        "type": "Point",
        "coordinates": [
          72.83462,
          18.97529
        ]
      },
      "properties": {
        "ward_id": "WARD_E",
        "ward_code": "E",
        "ward_name": "Byculla / Mazgaon",
        "feature_type": "heat_dot",
        "is_centroid": false,
        "lst_temp": 37.1,
        "hvi_score": 76.9,
        "ndvi": 0.17,
        "ndbi": 0.71,
        "risk_tier": "Extreme",
        "cluster_id": 0
      }
    },
    {
      "type": "Feature",
      "geometry": {
        "type": "Point",
        "coordinates": [
          72.83103,
          18.96903
        ]
      },
      "properties": {
        "ward_id": "WARD_E",
        "ward_code": "E",
        "ward_name": "Byculla / Mazgaon",
        "feature_type": "heat_dot",
        "is_centroid": false,
        "lst_temp": 36.3,
        "hvi_score": 75.1,
        "ndvi": 0.2,
        "ndbi": 0.68,
        "risk_tier": "Extreme",
        "cluster_id": 0
      }
    },
    {
      "type": "Feature",
      "geometry": {
        "type": "Point",
        "coordinates": [
          72.83466,
          18.97204
        ]
      },
      "properties": {
        "ward_id": "WARD_E",
        "ward_code": "E",
        "ward_name": "Byculla / Mazgaon",
        "feature_type": "heat_dot",
        "is_centroid": false,
        "lst_temp": 39.2,
        "hvi_score": 81.5,
        "ndvi": 0.08,
        "ndbi": 0.8,
        "risk_tier": "Extreme",
        "cluster_id": 0
      }
    },
    {
      "type": "Feature",
      "geometry": {
        "type": "Point",
        "coordinates": [
          72.83638,
          18.96783
        ]
      },
      "properties": {
        "ward_id": "WARD_E",
        "ward_code": "E",
        "ward_name": "Byculla / Mazgaon",
        "feature_type": "heat_dot",
        "is_centroid": false,
        "lst_temp": 39.3,
        "hvi_score": 81.6,
        "ndvi": 0.08,
        "ndbi": 0.8,
        "risk_tier": "Extreme",
        "cluster_id": 0
      }
    },
    {
      "type": "Feature",
      "geometry": {
        "type": "Point",
        "coordinates": [
          72.83934,
          18.97261
        ]
      },
      "properties": {
        "ward_id": "WARD_E",
        "ward_code": "E",
        "ward_name": "Byculla / Mazgaon",
        "feature_type": "heat_dot",
        "is_centroid": false,
        "lst_temp": 39.4,
        "hvi_score": 82.0,
        "ndvi": 0.07,
        "ndbi": 0.81,
        "risk_tier": "Extreme",
        "cluster_id": 0
      }
    },
    {
      "type": "Feature",
      "geometry": {
        "type": "Point",
        "coordinates": [
          72.83964,
          18.97449
        ]
      },
      "properties": {
        "ward_id": "WARD_E",
        "ward_code": "E",
        "ward_name": "Byculla / Mazgaon",
        "feature_type": "heat_dot",
        "is_centroid": false,
        "lst_temp": 39.2,
        "hvi_score": 81.5,
        "ndvi": 0.08,
        "ndbi": 0.8,
        "risk_tier": "Extreme",
        "cluster_id": 0
      }
    },
    {
      "type": "Feature",
      "geometry": {
        "type": "Point",
        "coordinates": [
          72.83994,
          18.97546
        ]
      },
      "properties": {
        "ward_id": "WARD_E",
        "ward_code": "E",
        "ward_name": "Byculla / Mazgaon",
        "feature_type": "heat_dot",
        "is_centroid": false,
        "lst_temp": 37.5,
        "hvi_score": 77.8,
        "ndvi": 0.15,
        "ndbi": 0.73,
        "risk_tier": "Extreme",
        "cluster_id": 0
      }
    },
    {
      "type": "Feature",
      "id": "WARD_F_SOUTH",
      "geometry": {
        "type": "Polygon",
        "coordinates": [
          [
            [
              72.85573,
              18.997
            ],
            [
              72.85481,
              19.00312
            ],
            [
              72.85172,
              19.00807
            ],
            [
              72.8475,
              19.0115
            ],
            [
              72.8425,
              19.0105
            ],
            [
              72.83823,
              19.00938
            ],
            [
              72.83263,
              19.00885
            ],
            [
              72.82945,
              19.00349
            ],
            [
              72.8309,
              18.997
            ],
            [
              72.83165,
              18.99161
            ],
            [
              72.83409,
              18.98691
            ],
            [
              72.83773,
              18.98318
            ],
            [
              72.8425,
              18.98056
            ],
            [
              72.84774,
              18.98183
            ],
            [
              72.84976,
              18.98829
            ],
            [
              72.85233,
              18.99211
            ],
            [
              72.85573,
              18.997
            ]
          ]
        ]
      },
      "properties": {
        "ward_id": "WARD_F_SOUTH",
        "ward_code": "F/S",
        "ward_name": "Parel / Lalbaug",
        "zone": "Zone 2",
        "feature_type": "ward_polygon",
        "area_sqkm": 14.0,
        "hvi_score": 72.1,
        "risk_tier": "High",
        "lst_mean": 36.9,
        "ndvi_mean": 0.16,
        "ndbi_mean": 0.71,
        "pop_density": 42000,
        "cluster_id": 0,
        "cluster_name": "Concrete Thermal Hotspot",
        "is_demo_data": true
      }
    },
    {
      "type": "Feature",
      "geometry": {
        "type": "Point",
        "coordinates": [
          72.8425,
          18.997
        ]
      },
      "properties": {
        "ward_id": "WARD_F_SOUTH",
        "ward_code": "F/S",
        "ward_name": "Parel / Lalbaug",
        "feature_type": "heat_dot",
        "is_centroid": true,
        "lst_temp": 36.9,
        "hvi_score": 72.1,
        "ndvi": 0.16,
        "ndbi": 0.71,
        "risk_tier": "High",
        "cluster_id": 0
      }
    },
    {
      "type": "Feature",
      "geometry": {
        "type": "Point",
        "coordinates": [
          72.85024,
          18.99833
        ]
      },
      "properties": {
        "ward_id": "WARD_F_SOUTH",
        "ward_code": "F/S",
        "ward_name": "Parel / Lalbaug",
        "feature_type": "heat_dot",
        "is_centroid": false,
        "lst_temp": 37.2,
        "hvi_score": 72.8,
        "ndvi": 0.15,
        "ndbi": 0.72,
        "risk_tier": "High",
        "cluster_id": 0
      }
    },
    {
      "type": "Feature",
      "geometry": {
        "type": "Point",
        "coordinates": [
          72.8489,
          19.00144
        ]
      },
      "properties": {
        "ward_id": "WARD_F_SOUTH",
        "ward_code": "F/S",
        "ward_name": "Parel / Lalbaug",
        "feature_type": "heat_dot",
        "is_centroid": false,
        "lst_temp": 38.0,
        "hvi_score": 74.6,
        "ndvi": 0.12,
        "ndbi": 0.75,
        "risk_tier": "High",
        "cluster_id": 0
      }
    },
    {
      "type": "Feature",
      "geometry": {
        "type": "Point",
        "coordinates": [
          72.84983,
          19.0034
        ]
      },
      "properties": {
        "ward_id": "WARD_F_SOUTH",
        "ward_code": "F/S",
        "ward_name": "Parel / Lalbaug",
        "feature_type": "heat_dot",
        "is_centroid": false,
        "lst_temp": 37.4,
        "hvi_score": 73.2,
        "ndvi": 0.14,
        "ndbi": 0.73,
        "risk_tier": "High",
        "cluster_id": 0
      }
    },
    {
      "type": "Feature",
      "geometry": {
        "type": "Point",
        "coordinates": [
          72.84475,
          19.00274
        ]
      },
      "properties": {
        "ward_id": "WARD_F_SOUTH",
        "ward_code": "F/S",
        "ward_name": "Parel / Lalbaug",
        "feature_type": "heat_dot",
        "is_centroid": false,
        "lst_temp": 36.1,
        "hvi_score": 70.4,
        "ndvi": 0.19,
        "ndbi": 0.68,
        "risk_tier": "High",
        "cluster_id": 0
      }
    },
    {
      "type": "Feature",
      "geometry": {
        "type": "Point",
        "coordinates": [
          72.84234,
          18.99979
        ]
      },
      "properties": {
        "ward_id": "WARD_F_SOUTH",
        "ward_code": "F/S",
        "ward_name": "Parel / Lalbaug",
        "feature_type": "heat_dot",
        "is_centroid": false,
        "lst_temp": 36.7,
        "hvi_score": 71.6,
        "ndvi": 0.17,
        "ndbi": 0.7,
        "risk_tier": "High",
        "cluster_id": 0
      }
    },
    {
      "type": "Feature",
      "geometry": {
        "type": "Point",
        "coordinates": [
          72.84118,
          19.00732
        ]
      },
      "properties": {
        "ward_id": "WARD_F_SOUTH",
        "ward_code": "F/S",
        "ward_name": "Parel / Lalbaug",
        "feature_type": "heat_dot",
        "is_centroid": false,
        "lst_temp": 38.3,
        "hvi_score": 75.3,
        "ndvi": 0.1,
        "ndbi": 0.77,
        "risk_tier": "Extreme",
        "cluster_id": 0
      }
    },
    {
      "type": "Feature",
      "geometry": {
        "type": "Point",
        "coordinates": [
          72.83839,
          19.00613
        ]
      },
      "properties": {
        "ward_id": "WARD_F_SOUTH",
        "ward_code": "F/S",
        "ward_name": "Parel / Lalbaug",
        "feature_type": "heat_dot",
        "is_centroid": false,
        "lst_temp": 37.4,
        "hvi_score": 73.2,
        "ndvi": 0.14,
        "ndbi": 0.73,
        "risk_tier": "High",
        "cluster_id": 0
      }
    },
    {
      "type": "Feature",
      "geometry": {
        "type": "Point",
        "coordinates": [
          72.83436,
          19.0011
        ]
      },
      "properties": {
        "ward_id": "WARD_F_SOUTH",
        "ward_code": "F/S",
        "ward_name": "Parel / Lalbaug",
        "feature_type": "heat_dot",
        "is_centroid": false,
        "lst_temp": 37.4,
        "hvi_score": 73.3,
        "ndvi": 0.14,
        "ndbi": 0.73,
        "risk_tier": "High",
        "cluster_id": 0
      }
    },
    {
      "type": "Feature",
      "geometry": {
        "type": "Point",
        "coordinates": [
          72.83891,
          18.99818
        ]
      },
      "properties": {
        "ward_id": "WARD_F_SOUTH",
        "ward_code": "F/S",
        "ward_name": "Parel / Lalbaug",
        "feature_type": "heat_dot",
        "is_centroid": false,
        "lst_temp": 35.2,
        "hvi_score": 68.4,
        "ndvi": 0.23,
        "ndbi": 0.64,
        "risk_tier": "High",
        "cluster_id": 0
      }
    },
    {
      "type": "Feature",
      "geometry": {
        "type": "Point",
        "coordinates": [
          72.83981,
          18.9963
        ]
      },
      "properties": {
        "ward_id": "WARD_F_SOUTH",
        "ward_code": "F/S",
        "ward_name": "Parel / Lalbaug",
        "feature_type": "heat_dot",
        "is_centroid": false,
        "lst_temp": 38.6,
        "hvi_score": 75.8,
        "ndvi": 0.09,
        "ndbi": 0.78,
        "risk_tier": "Extreme",
        "cluster_id": 0
      }
    },
    {
      "type": "Feature",
      "geometry": {
        "type": "Point",
        "coordinates": [
          72.83512,
          18.99352
        ]
      },
      "properties": {
        "ward_id": "WARD_F_SOUTH",
        "ward_code": "F/S",
        "ward_name": "Parel / Lalbaug",
        "feature_type": "heat_dot",
        "is_centroid": false,
        "lst_temp": 35.5,
        "hvi_score": 69.1,
        "ndvi": 0.21,
        "ndbi": 0.66,
        "risk_tier": "High",
        "cluster_id": 0
      }
    },
    {
      "type": "Feature",
      "geometry": {
        "type": "Point",
        "coordinates": [
          72.83771,
          18.99002
        ]
      },
      "properties": {
        "ward_id": "WARD_F_SOUTH",
        "ward_code": "F/S",
        "ward_name": "Parel / Lalbaug",
        "feature_type": "heat_dot",
        "is_centroid": false,
        "lst_temp": 36.1,
        "hvi_score": 70.3,
        "ndvi": 0.19,
        "ndbi": 0.68,
        "risk_tier": "High",
        "cluster_id": 0
      }
    },
    {
      "type": "Feature",
      "geometry": {
        "type": "Point",
        "coordinates": [
          72.84069,
          18.99267
        ]
      },
      "properties": {
        "ward_id": "WARD_F_SOUTH",
        "ward_code": "F/S",
        "ward_name": "Parel / Lalbaug",
        "feature_type": "heat_dot",
        "is_centroid": false,
        "lst_temp": 38.2,
        "hvi_score": 75.0,
        "ndvi": 0.11,
        "ndbi": 0.76,
        "risk_tier": "Extreme",
        "cluster_id": 0
      }
    },
    {
      "type": "Feature",
      "geometry": {
        "type": "Point",
        "coordinates": [
          72.84333,
          18.99302
        ]
      },
      "properties": {
        "ward_id": "WARD_F_SOUTH",
        "ward_code": "F/S",
        "ward_name": "Parel / Lalbaug",
        "feature_type": "heat_dot",
        "is_centroid": false,
        "lst_temp": 35.8,
        "hvi_score": 69.7,
        "ndvi": 0.2,
        "ndbi": 0.67,
        "risk_tier": "High",
        "cluster_id": 0
      }
    },
    {
      "type": "Feature",
      "geometry": {
        "type": "Point",
        "coordinates": [
          72.84505,
          18.99096
        ]
      },
      "properties": {
        "ward_id": "WARD_F_SOUTH",
        "ward_code": "F/S",
        "ward_name": "Parel / Lalbaug",
        "feature_type": "heat_dot",
        "is_centroid": false,
        "lst_temp": 37.3,
        "hvi_score": 73.0,
        "ndvi": 0.14,
        "ndbi": 0.73,
        "risk_tier": "High",
        "cluster_id": 0
      }
    },
    {
      "type": "Feature",
      "geometry": {
        "type": "Point",
        "coordinates": [
          72.84894,
          18.99194
        ]
      },
      "properties": {
        "ward_id": "WARD_F_SOUTH",
        "ward_code": "F/S",
        "ward_name": "Parel / Lalbaug",
        "feature_type": "heat_dot",
        "is_centroid": false,
        "lst_temp": 36.8,
        "hvi_score": 71.9,
        "ndvi": 0.16,
        "ndbi": 0.71,
        "risk_tier": "High",
        "cluster_id": 0
      }
    },
    {
      "type": "Feature",
      "geometry": {
        "type": "Point",
        "coordinates": [
          72.84475,
          18.99544
        ]
      },
      "properties": {
        "ward_id": "WARD_F_SOUTH",
        "ward_code": "F/S",
        "ward_name": "Parel / Lalbaug",
        "feature_type": "heat_dot",
        "is_centroid": false,
        "lst_temp": 36.2,
        "hvi_score": 70.7,
        "ndvi": 0.19,
        "ndbi": 0.68,
        "risk_tier": "High",
        "cluster_id": 0
      }
    },
    {
      "type": "Feature",
      "id": "WARD_F_NORTH",
      "geometry": {
        "type": "Polygon",
        "coordinates": [
          [
            [
              72.87316,
              19.027
            ],
            [
              72.87245,
              19.0334
            ],
            [
              72.86765,
              19.03765
            ],
            [
              72.86284,
              19.0411
            ],
            [
              72.857,
              19.04067
            ],
            [
              72.85173,
              19.03973
            ],
            [
              72.84523,
              19.03877
            ],
            [
              72.84102,
              19.03362
            ],
            [
              72.84281,
              19.027
            ],
            [
              72.84416,
              19.02168
            ],
            [
              72.84673,
              19.01673
            ],
            [
              72.85156,
              19.01386
            ],
            [
              72.857,
              19.01031
            ],
            [
              72.86336,
              19.01165
            ],
            [
              72.86598,
              19.01802
            ],
            [
              72.86911,
              19.02199
            ],
            [
              72.87316,
              19.027
            ]
          ]
        ]
      },
      "properties": {
        "ward_id": "WARD_F_NORTH",
        "ward_code": "F/N",
        "ward_name": "Wadala / Matunga / Sion",
        "zone": "Zone 2",
        "feature_type": "ward_polygon",
        "area_sqkm": 12.9,
        "hvi_score": 58.6,
        "risk_tier": "High",
        "lst_mean": 35.2,
        "ndvi_mean": 0.25,
        "ndbi_mean": 0.62,
        "pop_density": 38000,
        "cluster_id": 0,
        "cluster_name": "Concrete Thermal Hotspot",
        "is_demo_data": true
      }
    },
    {
      "type": "Feature",
      "geometry": {
        "type": "Point",
        "coordinates": [
          72.857,
          19.027
        ]
      },
      "properties": {
        "ward_id": "WARD_F_NORTH",
        "ward_code": "F/N",
        "ward_name": "Wadala / Matunga / Sion",
        "feature_type": "heat_dot",
        "is_centroid": true,
        "lst_temp": 35.2,
        "hvi_score": 58.6,
        "ndvi": 0.25,
        "ndbi": 0.62,
        "risk_tier": "High",
        "cluster_id": 0
      }
    },
    {
      "type": "Feature",
      "geometry": {
        "type": "Point",
        "coordinates": [
          72.86019,
          19.02736
        ]
      },
      "properties": {
        "ward_id": "WARD_F_NORTH",
        "ward_code": "F/N",
        "ward_name": "Wadala / Matunga / Sion",
        "feature_type": "heat_dot",
        "is_centroid": false,
        "lst_temp": 36.5,
        "hvi_score": 61.6,
        "ndvi": 0.2,
        "ndbi": 0.67,
        "risk_tier": "High",
        "cluster_id": 0
      }
    },
    {
      "type": "Feature",
      "geometry": {
        "type": "Point",
        "coordinates": [
          72.86319,
          19.02961
        ]
      },
      "properties": {
        "ward_id": "WARD_F_NORTH",
        "ward_code": "F/N",
        "ward_name": "Wadala / Matunga / Sion",
        "feature_type": "heat_dot",
        "is_centroid": false,
        "lst_temp": 33.9,
        "hvi_score": 55.7,
        "ndvi": 0.3,
        "ndbi": 0.57,
        "risk_tier": "High",
        "cluster_id": 0
      }
    },
    {
      "type": "Feature",
      "geometry": {
        "type": "Point",
        "coordinates": [
          72.86043,
          19.03097
        ]
      },
      "properties": {
        "ward_id": "WARD_F_NORTH",
        "ward_code": "F/N",
        "ward_name": "Wadala / Matunga / Sion",
        "feature_type": "heat_dot",
        "is_centroid": false,
        "lst_temp": 36.3,
        "hvi_score": 60.9,
        "ndvi": 0.21,
        "ndbi": 0.66,
        "risk_tier": "High",
        "cluster_id": 0
      }
    },
    {
      "type": "Feature",
      "geometry": {
        "type": "Point",
        "coordinates": [
          72.85807,
          19.03018
        ]
      },
      "properties": {
        "ward_id": "WARD_F_NORTH",
        "ward_code": "F/N",
        "ward_name": "Wadala / Matunga / Sion",
        "feature_type": "heat_dot",
        "is_centroid": false,
        "lst_temp": 37.0,
        "hvi_score": 62.5,
        "ndvi": 0.18,
        "ndbi": 0.69,
        "risk_tier": "High",
        "cluster_id": 0
      }
    },
    {
      "type": "Feature",
      "geometry": {
        "type": "Point",
        "coordinates": [
          72.85803,
          19.03167
        ]
      },
      "properties": {
        "ward_id": "WARD_F_NORTH",
        "ward_code": "F/N",
        "ward_name": "Wadala / Matunga / Sion",
        "feature_type": "heat_dot",
        "is_centroid": false,
        "lst_temp": 35.5,
        "hvi_score": 59.2,
        "ndvi": 0.24,
        "ndbi": 0.63,
        "risk_tier": "High",
        "cluster_id": 0
      }
    },
    {
      "type": "Feature",
      "geometry": {
        "type": "Point",
        "coordinates": [
          72.85536,
          19.0314
        ]
      },
      "properties": {
        "ward_id": "WARD_F_NORTH",
        "ward_code": "F/N",
        "ward_name": "Wadala / Matunga / Sion",
        "feature_type": "heat_dot",
        "is_centroid": false,
        "lst_temp": 36.6,
        "hvi_score": 61.6,
        "ndvi": 0.2,
        "ndbi": 0.67,
        "risk_tier": "High",
        "cluster_id": 0
      }
    },
    {
      "type": "Feature",
      "geometry": {
        "type": "Point",
        "coordinates": [
          72.85367,
          19.02998
        ]
      },
      "properties": {
        "ward_id": "WARD_F_NORTH",
        "ward_code": "F/N",
        "ward_name": "Wadala / Matunga / Sion",
        "feature_type": "heat_dot",
        "is_centroid": false,
        "lst_temp": 35.7,
        "hvi_score": 59.6,
        "ndvi": 0.23,
        "ndbi": 0.64,
        "risk_tier": "High",
        "cluster_id": 0
      }
    },
    {
      "type": "Feature",
      "geometry": {
        "type": "Point",
        "coordinates": [
          72.85496,
          19.0288
        ]
      },
      "properties": {
        "ward_id": "WARD_F_NORTH",
        "ward_code": "F/N",
        "ward_name": "Wadala / Matunga / Sion",
        "feature_type": "heat_dot",
        "is_centroid": false,
        "lst_temp": 34.1,
        "hvi_score": 56.2,
        "ndvi": 0.29,
        "ndbi": 0.58,
        "risk_tier": "High",
        "cluster_id": 0
      }
    },
    {
      "type": "Feature",
      "geometry": {
        "type": "Point",
        "coordinates": [
          72.85019,
          19.02698
        ]
      },
      "properties": {
        "ward_id": "WARD_F_NORTH",
        "ward_code": "F/N",
        "ward_name": "Wadala / Matunga / Sion",
        "feature_type": "heat_dot",
        "is_centroid": false,
        "lst_temp": 34.1,
        "hvi_score": 56.1,
        "ndvi": 0.3,
        "ndbi": 0.57,
        "risk_tier": "High",
        "cluster_id": 0
      }
    },
    {
      "type": "Feature",
      "geometry": {
        "type": "Point",
        "coordinates": [
          72.85319,
          19.02601
        ]
      },
      "properties": {
        "ward_id": "WARD_F_NORTH",
        "ward_code": "F/N",
        "ward_name": "Wadala / Matunga / Sion",
        "feature_type": "heat_dot",
        "is_centroid": false,
        "lst_temp": 36.6,
        "hvi_score": 61.6,
        "ndvi": 0.19,
        "ndbi": 0.68,
        "risk_tier": "High",
        "cluster_id": 0
      }
    },
    {
      "type": "Feature",
      "geometry": {
        "type": "Point",
        "coordinates": [
          72.84824,
          19.02132
        ]
      },
      "properties": {
        "ward_id": "WARD_F_NORTH",
        "ward_code": "F/N",
        "ward_name": "Wadala / Matunga / Sion",
        "feature_type": "heat_dot",
        "is_centroid": false,
        "lst_temp": 35.1,
        "hvi_score": 58.3,
        "ndvi": 0.25,
        "ndbi": 0.62,
        "risk_tier": "High",
        "cluster_id": 0
      }
    },
    {
      "type": "Feature",
      "geometry": {
        "type": "Point",
        "coordinates": [
          72.85221,
          19.0195
        ]
      },
      "properties": {
        "ward_id": "WARD_F_NORTH",
        "ward_code": "F/N",
        "ward_name": "Wadala / Matunga / Sion",
        "feature_type": "heat_dot",
        "is_centroid": false,
        "lst_temp": 33.9,
        "hvi_score": 55.7,
        "ndvi": 0.3,
        "ndbi": 0.57,
        "risk_tier": "High",
        "cluster_id": 0
      }
    },
    {
      "type": "Feature",
      "geometry": {
        "type": "Point",
        "coordinates": [
          72.85561,
          19.02065
        ]
      },
      "properties": {
        "ward_id": "WARD_F_NORTH",
        "ward_code": "F/N",
        "ward_name": "Wadala / Matunga / Sion",
        "feature_type": "heat_dot",
        "is_centroid": false,
        "lst_temp": 36.1,
        "hvi_score": 60.6,
        "ndvi": 0.21,
        "ndbi": 0.66,
        "risk_tier": "High",
        "cluster_id": 0
      }
    },
    {
      "type": "Feature",
      "geometry": {
        "type": "Point",
        "coordinates": [
          72.85696,
          19.02353
        ]
      },
      "properties": {
        "ward_id": "WARD_F_NORTH",
        "ward_code": "F/N",
        "ward_name": "Wadala / Matunga / Sion",
        "feature_type": "heat_dot",
        "is_centroid": false,
        "lst_temp": 36.4,
        "hvi_score": 61.3,
        "ndvi": 0.2,
        "ndbi": 0.67,
        "risk_tier": "High",
        "cluster_id": 0
      }
    },
    {
      "type": "Feature",
      "geometry": {
        "type": "Point",
        "coordinates": [
          72.86024,
          19.01825
        ]
      },
      "properties": {
        "ward_id": "WARD_F_NORTH",
        "ward_code": "F/N",
        "ward_name": "Wadala / Matunga / Sion",
        "feature_type": "heat_dot",
        "is_centroid": false,
        "lst_temp": 34.4,
        "hvi_score": 56.8,
        "ndvi": 0.28,
        "ndbi": 0.59,
        "risk_tier": "High",
        "cluster_id": 0
      }
    },
    {
      "type": "Feature",
      "geometry": {
        "type": "Point",
        "coordinates": [
          72.85913,
          19.02506
        ]
      },
      "properties": {
        "ward_id": "WARD_F_NORTH",
        "ward_code": "F/N",
        "ward_name": "Wadala / Matunga / Sion",
        "feature_type": "heat_dot",
        "is_centroid": false,
        "lst_temp": 36.2,
        "hvi_score": 60.8,
        "ndvi": 0.21,
        "ndbi": 0.66,
        "risk_tier": "High",
        "cluster_id": 0
      }
    },
    {
      "type": "Feature",
      "geometry": {
        "type": "Point",
        "coordinates": [
          72.8602,
          19.02569
        ]
      },
      "properties": {
        "ward_id": "WARD_F_NORTH",
        "ward_code": "F/N",
        "ward_name": "Wadala / Matunga / Sion",
        "feature_type": "heat_dot",
        "is_centroid": false,
        "lst_temp": 36.7,
        "hvi_score": 61.9,
        "ndvi": 0.19,
        "ndbi": 0.68,
        "risk_tier": "High",
        "cluster_id": 0
      }
    },
    {
      "type": "Feature",
      "id": "WARD_G_SOUTH",
      "geometry": {
        "type": "Polygon",
        "coordinates": [
          [
            [
              72.83264,
              19.002
            ],
            [
              72.83215,
              19.01036
            ],
            [
              72.8279,
              19.01653
            ],
            [
              72.82289,
              19.02095
            ],
            [
              72.817,
              19.01933
            ],
            [
              72.8119,
              19.01843
            ],
            [
              72.80527,
              19.01764
            ],
            [
              72.80166,
              19.01047
            ],
            [
              72.80279,
              19.002
            ],
            [
              72.80436,
              18.99502
            ],
            [
              72.807,
              18.98867
            ],
            [
              72.81139,
              18.98393
            ],
            [
              72.817,
              18.97922
            ],
            [
              72.82327,
              18.98181
            ],
            [
              72.82592,
              18.99011
            ],
            [
              72.8285,
              18.99565
            ],
            [
              72.83264,
              19.002
            ]
          ]
        ]
      },
      "properties": {
        "ward_id": "WARD_G_SOUTH",
        "ward_code": "G/S",
        "ward_name": "Worli / Lower Parel",
        "zone": "Zone 2",
        "feature_type": "ward_polygon",
        "area_sqkm": 10.0,
        "hvi_score": 52.3,
        "risk_tier": "High",
        "lst_mean": 34.5,
        "ndvi_mean": 0.22,
        "ndbi_mean": 0.65,
        "pop_density": 35000,
        "cluster_id": 2,
        "cluster_name": "Coastal Moderate Microclimate",
        "is_demo_data": true
      }
    },
    {
      "type": "Feature",
      "geometry": {
        "type": "Point",
        "coordinates": [
          72.817,
          19.002
        ]
      },
      "properties": {
        "ward_id": "WARD_G_SOUTH",
        "ward_code": "G/S",
        "ward_name": "Worli / Lower Parel",
        "feature_type": "heat_dot",
        "is_centroid": true,
        "lst_temp": 34.5,
        "hvi_score": 52.3,
        "ndvi": 0.22,
        "ndbi": 0.65,
        "risk_tier": "High",
        "cluster_id": 2
      }
    },
    {
      "type": "Feature",
      "geometry": {
        "type": "Point",
        "coordinates": [
          72.82773,
          19.00211
        ]
      },
      "properties": {
        "ward_id": "WARD_G_SOUTH",
        "ward_code": "G/S",
        "ward_name": "Worli / Lower Parel",
        "feature_type": "heat_dot",
        "is_centroid": false,
        "lst_temp": 33.9,
        "hvi_score": 51.0,
        "ndvi": 0.24,
        "ndbi": 0.63,
        "risk_tier": "High",
        "cluster_id": 2
      }
    },
    {
      "type": "Feature",
      "geometry": {
        "type": "Point",
        "coordinates": [
          72.82639,
          19.00809
        ]
      },
      "properties": {
        "ward_id": "WARD_G_SOUTH",
        "ward_code": "G/S",
        "ward_name": "Worli / Lower Parel",
        "feature_type": "heat_dot",
        "is_centroid": false,
        "lst_temp": 32.9,
        "hvi_score": 48.7,
        "ndvi": 0.28,
        "ndbi": 0.59,
        "risk_tier": "Moderate",
        "cluster_id": 2
      }
    },
    {
      "type": "Feature",
      "geometry": {
        "type": "Point",
        "coordinates": [
          72.82367,
          19.01122
        ]
      },
      "properties": {
        "ward_id": "WARD_G_SOUTH",
        "ward_code": "G/S",
        "ward_name": "Worli / Lower Parel",
        "feature_type": "heat_dot",
        "is_centroid": false,
        "lst_temp": 35.8,
        "hvi_score": 55.3,
        "ndvi": 0.17,
        "ndbi": 0.7,
        "risk_tier": "High",
        "cluster_id": 2
      }
    },
    {
      "type": "Feature",
      "geometry": {
        "type": "Point",
        "coordinates": [
          72.81844,
          19.00623
        ]
      },
      "properties": {
        "ward_id": "WARD_G_SOUTH",
        "ward_code": "G/S",
        "ward_name": "Worli / Lower Parel",
        "feature_type": "heat_dot",
        "is_centroid": false,
        "lst_temp": 33.9,
        "hvi_score": 51.1,
        "ndvi": 0.24,
        "ndbi": 0.63,
        "risk_tier": "High",
        "cluster_id": 2
      }
    },
    {
      "type": "Feature",
      "geometry": {
        "type": "Point",
        "coordinates": [
          72.81964,
          19.01389
        ]
      },
      "properties": {
        "ward_id": "WARD_G_SOUTH",
        "ward_code": "G/S",
        "ward_name": "Worli / Lower Parel",
        "feature_type": "heat_dot",
        "is_centroid": false,
        "lst_temp": 33.9,
        "hvi_score": 50.9,
        "ndvi": 0.24,
        "ndbi": 0.63,
        "risk_tier": "High",
        "cluster_id": 2
      }
    },
    {
      "type": "Feature",
      "geometry": {
        "type": "Point",
        "coordinates": [
          72.81638,
          19.00697
        ]
      },
      "properties": {
        "ward_id": "WARD_G_SOUTH",
        "ward_code": "G/S",
        "ward_name": "Worli / Lower Parel",
        "feature_type": "heat_dot",
        "is_centroid": false,
        "lst_temp": 32.8,
        "hvi_score": 48.7,
        "ndvi": 0.29,
        "ndbi": 0.58,
        "risk_tier": "Moderate",
        "cluster_id": 2
      }
    },
    {
      "type": "Feature",
      "geometry": {
        "type": "Point",
        "coordinates": [
          72.81535,
          19.00598
        ]
      },
      "properties": {
        "ward_id": "WARD_G_SOUTH",
        "ward_code": "G/S",
        "ward_name": "Worli / Lower Parel",
        "feature_type": "heat_dot",
        "is_centroid": false,
        "lst_temp": 33.5,
        "hvi_score": 50.2,
        "ndvi": 0.26,
        "ndbi": 0.61,
        "risk_tier": "High",
        "cluster_id": 2
      }
    },
    {
      "type": "Feature",
      "geometry": {
        "type": "Point",
        "coordinates": [
          72.80887,
          19.00965
        ]
      },
      "properties": {
        "ward_id": "WARD_G_SOUTH",
        "ward_code": "G/S",
        "ward_name": "Worli / Lower Parel",
        "feature_type": "heat_dot",
        "is_centroid": false,
        "lst_temp": 33.2,
        "hvi_score": 49.5,
        "ndvi": 0.27,
        "ndbi": 0.6,
        "risk_tier": "Moderate",
        "cluster_id": 2
      }
    },
    {
      "type": "Feature",
      "geometry": {
        "type": "Point",
        "coordinates": [
          72.81255,
          19.0038
        ]
      },
      "properties": {
        "ward_id": "WARD_G_SOUTH",
        "ward_code": "G/S",
        "ward_name": "Worli / Lower Parel",
        "feature_type": "heat_dot",
        "is_centroid": false,
        "lst_temp": 33.5,
        "hvi_score": 50.2,
        "ndvi": 0.26,
        "ndbi": 0.61,
        "risk_tier": "High",
        "cluster_id": 2
      }
    },
    {
      "type": "Feature",
      "geometry": {
        "type": "Point",
        "coordinates": [
          72.81103,
          18.99939
        ]
      },
      "properties": {
        "ward_id": "WARD_G_SOUTH",
        "ward_code": "G/S",
        "ward_name": "Worli / Lower Parel",
        "feature_type": "heat_dot",
        "is_centroid": false,
        "lst_temp": 34.3,
        "hvi_score": 51.9,
        "ndvi": 0.23,
        "ndbi": 0.64,
        "risk_tier": "High",
        "cluster_id": 2
      }
    },
    {
      "type": "Feature",
      "geometry": {
        "type": "Point",
        "coordinates": [
          72.80797,
          18.99557
        ]
      },
      "properties": {
        "ward_id": "WARD_G_SOUTH",
        "ward_code": "G/S",
        "ward_name": "Worli / Lower Parel",
        "feature_type": "heat_dot",
        "is_centroid": false,
        "lst_temp": 34.3,
        "hvi_score": 51.8,
        "ndvi": 0.23,
        "ndbi": 0.64,
        "risk_tier": "High",
        "cluster_id": 2
      }
    },
    {
      "type": "Feature",
      "geometry": {
        "type": "Point",
        "coordinates": [
          72.81247,
          18.99428
        ]
      },
      "properties": {
        "ward_id": "WARD_G_SOUTH",
        "ward_code": "G/S",
        "ward_name": "Worli / Lower Parel",
        "feature_type": "heat_dot",
        "is_centroid": false,
        "lst_temp": 35.1,
        "hvi_score": 53.7,
        "ndvi": 0.2,
        "ndbi": 0.67,
        "risk_tier": "High",
        "cluster_id": 2
      }
    },
    {
      "type": "Feature",
      "geometry": {
        "type": "Point",
        "coordinates": [
          72.81482,
          18.98855
        ]
      },
      "properties": {
        "ward_id": "WARD_G_SOUTH",
        "ward_code": "G/S",
        "ward_name": "Worli / Lower Parel",
        "feature_type": "heat_dot",
        "is_centroid": false,
        "lst_temp": 34.8,
        "hvi_score": 52.9,
        "ndvi": 0.21,
        "ndbi": 0.66,
        "risk_tier": "High",
        "cluster_id": 2
      }
    },
    {
      "type": "Feature",
      "geometry": {
        "type": "Point",
        "coordinates": [
          72.81733,
          18.99457
        ]
      },
      "properties": {
        "ward_id": "WARD_G_SOUTH",
        "ward_code": "G/S",
        "ward_name": "Worli / Lower Parel",
        "feature_type": "heat_dot",
        "is_centroid": false,
        "lst_temp": 34.6,
        "hvi_score": 52.6,
        "ndvi": 0.21,
        "ndbi": 0.66,
        "risk_tier": "High",
        "cluster_id": 2
      }
    },
    {
      "type": "Feature",
      "geometry": {
        "type": "Point",
        "coordinates": [
          72.81832,
          18.99732
        ]
      },
      "properties": {
        "ward_id": "WARD_G_SOUTH",
        "ward_code": "G/S",
        "ward_name": "Worli / Lower Parel",
        "feature_type": "heat_dot",
        "is_centroid": false,
        "lst_temp": 32.9,
        "hvi_score": 48.8,
        "ndvi": 0.28,
        "ndbi": 0.59,
        "risk_tier": "Moderate",
        "cluster_id": 2
      }
    },
    {
      "type": "Feature",
      "geometry": {
        "type": "Point",
        "coordinates": [
          72.82088,
          18.99728
        ]
      },
      "properties": {
        "ward_id": "WARD_G_SOUTH",
        "ward_code": "G/S",
        "ward_name": "Worli / Lower Parel",
        "feature_type": "heat_dot",
        "is_centroid": false,
        "lst_temp": 35.5,
        "hvi_score": 54.4,
        "ndvi": 0.18,
        "ndbi": 0.69,
        "risk_tier": "High",
        "cluster_id": 2
      }
    },
    {
      "type": "Feature",
      "geometry": {
        "type": "Point",
        "coordinates": [
          72.82303,
          18.99883
        ]
      },
      "properties": {
        "ward_id": "WARD_G_SOUTH",
        "ward_code": "G/S",
        "ward_name": "Worli / Lower Parel",
        "feature_type": "heat_dot",
        "is_centroid": false,
        "lst_temp": 34.6,
        "hvi_score": 52.6,
        "ndvi": 0.21,
        "ndbi": 0.66,
        "risk_tier": "High",
        "cluster_id": 2
      }
    },
    {
      "type": "Feature",
      "id": "WARD_G_NORTH",
      "geometry": {
        "type": "Polygon",
        "coordinates": [
          [
            [
              72.86299,
              19.037
            ],
            [
              72.8624,
              19.04338
            ],
            [
              72.85827,
              19.04827
            ],
            [
              72.85289,
              19.05122
            ],
            [
              72.847,
              19.05012
            ],
            [
              72.84195,
              19.04919
            ],
            [
              72.83532,
              19.04868
            ],
            [
              72.83155,
              19.0434
            ],
            [
              72.8329,
              19.037
            ],
            [
              72.83429,
              19.03174
            ],
            [
              72.83697,
              19.02697
            ],
            [
              72.84131,
              19.02325
            ],
            [
              72.847,
              19.01965
            ],
            [
              72.85344,
              19.02146
            ],
            [
              72.8565,
              19.0275
            ],
            [
              72.85848,
              19.03224
            ],
            [
              72.86299,
              19.037
            ]
          ]
        ]
      },
      "properties": {
        "ward_id": "WARD_G_NORTH",
        "ward_code": "G/N",
        "ward_name": "Dadar / Dharavi / Mahim",
        "zone": "Zone 2",
        "feature_type": "ward_polygon",
        "area_sqkm": 9.1,
        "hvi_score": 92.8,
        "risk_tier": "Extreme",
        "lst_mean": 39.8,
        "ndvi_mean": 0.07,
        "ndbi_mean": 0.86,
        "pop_density": 110000,
        "cluster_id": 0,
        "cluster_name": "Concrete Thermal Hotspot",
        "is_demo_data": true
      }
    },
    {
      "type": "Feature",
      "geometry": {
        "type": "Point",
        "coordinates": [
          72.847,
          19.037
        ]
      },
      "properties": {
        "ward_id": "WARD_G_NORTH",
        "ward_code": "G/N",
        "ward_name": "Dadar / Dharavi / Mahim",
        "feature_type": "heat_dot",
        "is_centroid": true,
        "lst_temp": 39.8,
        "hvi_score": 92.8,
        "ndvi": 0.07,
        "ndbi": 0.86,
        "risk_tier": "Extreme",
        "cluster_id": 0
      }
    },
    {
      "type": "Feature",
      "geometry": {
        "type": "Point",
        "coordinates": [
          72.85521,
          19.03791
        ]
      },
      "properties": {
        "ward_id": "WARD_G_NORTH",
        "ward_code": "G/N",
        "ward_name": "Dadar / Dharavi / Mahim",
        "feature_type": "heat_dot",
        "is_centroid": false,
        "lst_temp": 38.4,
        "hvi_score": 89.6,
        "ndvi": 0.13,
        "ndbi": 0.8,
        "risk_tier": "Extreme",
        "cluster_id": 0
      }
    },
    {
      "type": "Feature",
      "geometry": {
        "type": "Point",
        "coordinates": [
          72.85322,
          19.039
        ]
      },
      "properties": {
        "ward_id": "WARD_G_NORTH",
        "ward_code": "G/N",
        "ward_name": "Dadar / Dharavi / Mahim",
        "feature_type": "heat_dot",
        "is_centroid": false,
        "lst_temp": 39.9,
        "hvi_score": 93.1,
        "ndvi": 0.07,
        "ndbi": 0.86,
        "risk_tier": "Extreme",
        "cluster_id": 0
      }
    },
    {
      "type": "Feature",
      "geometry": {
        "type": "Point",
        "coordinates": [
          72.84917,
          19.03992
        ]
      },
      "properties": {
        "ward_id": "WARD_G_NORTH",
        "ward_code": "G/N",
        "ward_name": "Dadar / Dharavi / Mahim",
        "feature_type": "heat_dot",
        "is_centroid": false,
        "lst_temp": 40.4,
        "hvi_score": 94.2,
        "ndvi": 0.05,
        "ndbi": 0.88,
        "risk_tier": "Extreme",
        "cluster_id": 0
      }
    },
    {
      "type": "Feature",
      "geometry": {
        "type": "Point",
        "coordinates": [
          72.85031,
          19.04283
        ]
      },
      "properties": {
        "ward_id": "WARD_G_NORTH",
        "ward_code": "G/N",
        "ward_name": "Dadar / Dharavi / Mahim",
        "feature_type": "heat_dot",
        "is_centroid": false,
        "lst_temp": 38.7,
        "hvi_score": 90.4,
        "ndvi": 0.11,
        "ndbi": 0.82,
        "risk_tier": "Extreme",
        "cluster_id": 0
      }
    },
    {
      "type": "Feature",
      "geometry": {
        "type": "Point",
        "coordinates": [
          72.84712,
          19.04147
        ]
      },
      "properties": {
        "ward_id": "WARD_G_NORTH",
        "ward_code": "G/N",
        "ward_name": "Dadar / Dharavi / Mahim",
        "feature_type": "heat_dot",
        "is_centroid": false,
        "lst_temp": 39.6,
        "hvi_score": 92.5,
        "ndvi": 0.08,
        "ndbi": 0.85,
        "risk_tier": "Extreme",
        "cluster_id": 0
      }
    },
    {
      "type": "Feature",
      "geometry": {
        "type": "Point",
        "coordinates": [
          72.84599,
          19.04782
        ]
      },
      "properties": {
        "ward_id": "WARD_G_NORTH",
        "ward_code": "G/N",
        "ward_name": "Dadar / Dharavi / Mahim",
        "feature_type": "heat_dot",
        "is_centroid": false,
        "lst_temp": 39.8,
        "hvi_score": 92.7,
        "ndvi": 0.07,
        "ndbi": 0.86,
        "risk_tier": "Extreme",
        "cluster_id": 0
      }
    },
    {
      "type": "Feature",
      "geometry": {
        "type": "Point",
        "coordinates": [
          72.8419,
          19.04397
        ]
      },
      "properties": {
        "ward_id": "WARD_G_NORTH",
        "ward_code": "G/N",
        "ward_name": "Dadar / Dharavi / Mahim",
        "feature_type": "heat_dot",
        "is_centroid": false,
        "lst_temp": 39.5,
        "hvi_score": 92.1,
        "ndvi": 0.08,
        "ndbi": 0.85,
        "risk_tier": "Extreme",
        "cluster_id": 0
      }
    },
    {
      "type": "Feature",
      "geometry": {
        "type": "Point",
        "coordinates": [
          72.84449,
          19.03806
        ]
      },
      "properties": {
        "ward_id": "WARD_G_NORTH",
        "ward_code": "G/N",
        "ward_name": "Dadar / Dharavi / Mahim",
        "feature_type": "heat_dot",
        "is_centroid": false,
        "lst_temp": 41.0,
        "hvi_score": 95.4,
        "ndvi": 0.02,
        "ndbi": 0.91,
        "risk_tier": "Extreme",
        "cluster_id": 0
      }
    },
    {
      "type": "Feature",
      "geometry": {
        "type": "Point",
        "coordinates": [
          72.83771,
          19.03886
        ]
      },
      "properties": {
        "ward_id": "WARD_G_NORTH",
        "ward_code": "G/N",
        "ward_name": "Dadar / Dharavi / Mahim",
        "feature_type": "heat_dot",
        "is_centroid": false,
        "lst_temp": 41.4,
        "hvi_score": 96.3,
        "ndvi": 0.02,
        "ndbi": 0.92,
        "risk_tier": "Extreme",
        "cluster_id": 0
      }
    },
    {
      "type": "Feature",
      "geometry": {
        "type": "Point",
        "coordinates": [
          72.84325,
          19.03551
        ]
      },
      "properties": {
        "ward_id": "WARD_G_NORTH",
        "ward_code": "G/N",
        "ward_name": "Dadar / Dharavi / Mahim",
        "feature_type": "heat_dot",
        "is_centroid": false,
        "lst_temp": 40.5,
        "hvi_score": 94.4,
        "ndvi": 0.04,
        "ndbi": 0.89,
        "risk_tier": "Extreme",
        "cluster_id": 0
      }
    },
    {
      "type": "Feature",
      "geometry": {
        "type": "Point",
        "coordinates": [
          72.84341,
          19.03549
        ]
      },
      "properties": {
        "ward_id": "WARD_G_NORTH",
        "ward_code": "G/N",
        "ward_name": "Dadar / Dharavi / Mahim",
        "feature_type": "heat_dot",
        "is_centroid": false,
        "lst_temp": 38.3,
        "hvi_score": 89.6,
        "ndvi": 0.13,
        "ndbi": 0.8,
        "risk_tier": "Extreme",
        "cluster_id": 0
      }
    },
    {
      "type": "Feature",
      "geometry": {
        "type": "Point",
        "coordinates": [
          72.84524,
          19.035
        ]
      },
      "properties": {
        "ward_id": "WARD_G_NORTH",
        "ward_code": "G/N",
        "ward_name": "Dadar / Dharavi / Mahim",
        "feature_type": "heat_dot",
        "is_centroid": false,
        "lst_temp": 41.1,
        "hvi_score": 95.6,
        "ndvi": 0.02,
        "ndbi": 0.91,
        "risk_tier": "Extreme",
        "cluster_id": 0
      }
    },
    {
      "type": "Feature",
      "geometry": {
        "type": "Point",
        "coordinates": [
          72.84375,
          19.02839
        ]
      },
      "properties": {
        "ward_id": "WARD_G_NORTH",
        "ward_code": "G/N",
        "ward_name": "Dadar / Dharavi / Mahim",
        "feature_type": "heat_dot",
        "is_centroid": false,
        "lst_temp": 40.0,
        "hvi_score": 93.2,
        "ndvi": 0.06,
        "ndbi": 0.87,
        "risk_tier": "Extreme",
        "cluster_id": 0
      }
    },
    {
      "type": "Feature",
      "geometry": {
        "type": "Point",
        "coordinates": [
          72.84685,
          19.03198
        ]
      },
      "properties": {
        "ward_id": "WARD_G_NORTH",
        "ward_code": "G/N",
        "ward_name": "Dadar / Dharavi / Mahim",
        "feature_type": "heat_dot",
        "is_centroid": false,
        "lst_temp": 39.2,
        "hvi_score": 91.4,
        "ndvi": 0.1,
        "ndbi": 0.83,
        "risk_tier": "Extreme",
        "cluster_id": 0
      }
    },
    {
      "type": "Feature",
      "geometry": {
        "type": "Point",
        "coordinates": [
          72.84926,
          19.0331
        ]
      },
      "properties": {
        "ward_id": "WARD_G_NORTH",
        "ward_code": "G/N",
        "ward_name": "Dadar / Dharavi / Mahim",
        "feature_type": "heat_dot",
        "is_centroid": false,
        "lst_temp": 40.2,
        "hvi_score": 93.7,
        "ndvi": 0.05,
        "ndbi": 0.88,
        "risk_tier": "Extreme",
        "cluster_id": 0
      }
    },
    {
      "type": "Feature",
      "geometry": {
        "type": "Point",
        "coordinates": [
          72.85533,
          19.03153
        ]
      },
      "properties": {
        "ward_id": "WARD_G_NORTH",
        "ward_code": "G/N",
        "ward_name": "Dadar / Dharavi / Mahim",
        "feature_type": "heat_dot",
        "is_centroid": false,
        "lst_temp": 39.1,
        "hvi_score": 91.2,
        "ndvi": 0.1,
        "ndbi": 0.83,
        "risk_tier": "Extreme",
        "cluster_id": 0
      }
    },
    {
      "type": "Feature",
      "geometry": {
        "type": "Point",
        "coordinates": [
          72.85318,
          19.03448
        ]
      },
      "properties": {
        "ward_id": "WARD_G_NORTH",
        "ward_code": "G/N",
        "ward_name": "Dadar / Dharavi / Mahim",
        "feature_type": "heat_dot",
        "is_centroid": false,
        "lst_temp": 39.0,
        "hvi_score": 91.1,
        "ndvi": 0.1,
        "ndbi": 0.83,
        "risk_tier": "Extreme",
        "cluster_id": 0
      }
    },
    {
      "type": "Feature",
      "id": "WARD_H_EAST",
      "geometry": {
        "type": "Polygon",
        "coordinates": [
          [
            [
              72.87308,
              19.072
            ],
            [
              72.87203,
              19.0803
            ],
            [
              72.86818,
              19.08691
            ],
            [
              72.86287,
              19.09091
            ],
            [
              72.857,
              19.09032
            ],
            [
              72.85175,
              19.08888
            ],
            [
              72.8453,
              19.08759
            ],
            [
              72.84172,
              19.08044
            ],
            [
              72.8426,
              19.072
            ],
            [
              72.84431,
              19.06499
            ],
            [
              72.847,
              19.05867
            ],
            [
              72.8512,
              19.05333
            ],
            [
              72.857,
              19.05008
            ],
            [
              72.86342,
              19.05135
            ],
            [
              72.86618,
              19.05976
            ],
            [
              72.86914,
              19.06529
            ],
            [
              72.87308,
              19.072
            ]
          ]
        ]
      },
      "properties": {
        "ward_id": "WARD_H_EAST",
        "ward_code": "H/E",
        "ward_name": "Bandra East / Khar East / Santacruz East",
        "zone": "Zone 3",
        "feature_type": "ward_polygon",
        "area_sqkm": 13.5,
        "hvi_score": 71.0,
        "risk_tier": "High",
        "lst_mean": 37.4,
        "ndvi_mean": 0.18,
        "ndbi_mean": 0.69,
        "pop_density": 45000,
        "cluster_id": 0,
        "cluster_name": "Concrete Thermal Hotspot",
        "is_demo_data": true
      }
    },
    {
      "type": "Feature",
      "geometry": {
        "type": "Point",
        "coordinates": [
          72.857,
          19.072
        ]
      },
      "properties": {
        "ward_id": "WARD_H_EAST",
        "ward_code": "H/E",
        "ward_name": "Bandra East / Khar East / Santacruz East",
        "feature_type": "heat_dot",
        "is_centroid": true,
        "lst_temp": 37.4,
        "hvi_score": 71.0,
        "ndvi": 0.18,
        "ndbi": 0.69,
        "risk_tier": "High",
        "cluster_id": 0
      }
    },
    {
      "type": "Feature",
      "geometry": {
        "type": "Point",
        "coordinates": [
          72.85997,
          19.07232
        ]
      },
      "properties": {
        "ward_id": "WARD_H_EAST",
        "ward_code": "H/E",
        "ward_name": "Bandra East / Khar East / Santacruz East",
        "feature_type": "heat_dot",
        "is_centroid": false,
        "lst_temp": 36.2,
        "hvi_score": 68.3,
        "ndvi": 0.23,
        "ndbi": 0.64,
        "risk_tier": "High",
        "cluster_id": 0
      }
    },
    {
      "type": "Feature",
      "geometry": {
        "type": "Point",
        "coordinates": [
          72.8633,
          19.07445
        ]
      },
      "properties": {
        "ward_id": "WARD_H_EAST",
        "ward_code": "H/E",
        "ward_name": "Bandra East / Khar East / Santacruz East",
        "feature_type": "heat_dot",
        "is_centroid": false,
        "lst_temp": 38.1,
        "hvi_score": 72.5,
        "ndvi": 0.15,
        "ndbi": 0.72,
        "risk_tier": "High",
        "cluster_id": 0
      }
    },
    {
      "type": "Feature",
      "geometry": {
        "type": "Point",
        "coordinates": [
          72.86242,
          19.07702
        ]
      },
      "properties": {
        "ward_id": "WARD_H_EAST",
        "ward_code": "H/E",
        "ward_name": "Bandra East / Khar East / Santacruz East",
        "feature_type": "heat_dot",
        "is_centroid": false,
        "lst_temp": 36.2,
        "hvi_score": 68.3,
        "ndvi": 0.23,
        "ndbi": 0.64,
        "risk_tier": "High",
        "cluster_id": 0
      }
    },
    {
      "type": "Feature",
      "geometry": {
        "type": "Point",
        "coordinates": [
          72.85863,
          19.07746
        ]
      },
      "properties": {
        "ward_id": "WARD_H_EAST",
        "ward_code": "H/E",
        "ward_name": "Bandra East / Khar East / Santacruz East",
        "feature_type": "heat_dot",
        "is_centroid": false,
        "lst_temp": 35.7,
        "hvi_score": 67.3,
        "ndvi": 0.25,
        "ndbi": 0.62,
        "risk_tier": "High",
        "cluster_id": 0
      }
    },
    {
      "type": "Feature",
      "geometry": {
        "type": "Point",
        "coordinates": [
          72.85835,
          19.08622
        ]
      },
      "properties": {
        "ward_id": "WARD_H_EAST",
        "ward_code": "H/E",
        "ward_name": "Bandra East / Khar East / Santacruz East",
        "feature_type": "heat_dot",
        "is_centroid": false,
        "lst_temp": 37.4,
        "hvi_score": 71.1,
        "ndvi": 0.18,
        "ndbi": 0.69,
        "risk_tier": "High",
        "cluster_id": 0
      }
    },
    {
      "type": "Feature",
      "geometry": {
        "type": "Point",
        "coordinates": [
          72.85616,
          19.0823
        ]
      },
      "properties": {
        "ward_id": "WARD_H_EAST",
        "ward_code": "H/E",
        "ward_name": "Bandra East / Khar East / Santacruz East",
        "feature_type": "heat_dot",
        "is_centroid": false,
        "lst_temp": 37.5,
        "hvi_score": 71.2,
        "ndvi": 0.18,
        "ndbi": 0.69,
        "risk_tier": "High",
        "cluster_id": 0
      }
    },
    {
      "type": "Feature",
      "geometry": {
        "type": "Point",
        "coordinates": [
          72.85346,
          19.07989
        ]
      },
      "properties": {
        "ward_id": "WARD_H_EAST",
        "ward_code": "H/E",
        "ward_name": "Bandra East / Khar East / Santacruz East",
        "feature_type": "heat_dot",
        "is_centroid": false,
        "lst_temp": 36.6,
        "hvi_score": 69.3,
        "ndvi": 0.21,
        "ndbi": 0.66,
        "risk_tier": "High",
        "cluster_id": 0
      }
    },
    {
      "type": "Feature",
      "geometry": {
        "type": "Point",
        "coordinates": [
          72.84823,
          19.07814
        ]
      },
      "properties": {
        "ward_id": "WARD_H_EAST",
        "ward_code": "H/E",
        "ward_name": "Bandra East / Khar East / Santacruz East",
        "feature_type": "heat_dot",
        "is_centroid": false,
        "lst_temp": 37.9,
        "hvi_score": 72.0,
        "ndvi": 0.16,
        "ndbi": 0.71,
        "risk_tier": "High",
        "cluster_id": 0
      }
    },
    {
      "type": "Feature",
      "geometry": {
        "type": "Point",
        "coordinates": [
          72.84772,
          19.07269
        ]
      },
      "properties": {
        "ward_id": "WARD_H_EAST",
        "ward_code": "H/E",
        "ward_name": "Bandra East / Khar East / Santacruz East",
        "feature_type": "heat_dot",
        "is_centroid": false,
        "lst_temp": 36.0,
        "hvi_score": 67.9,
        "ndvi": 0.24,
        "ndbi": 0.63,
        "risk_tier": "High",
        "cluster_id": 0
      }
    },
    {
      "type": "Feature",
      "geometry": {
        "type": "Point",
        "coordinates": [
          72.84613,
          19.07103
        ]
      },
      "properties": {
        "ward_id": "WARD_H_EAST",
        "ward_code": "H/E",
        "ward_name": "Bandra East / Khar East / Santacruz East",
        "feature_type": "heat_dot",
        "is_centroid": false,
        "lst_temp": 39.0,
        "hvi_score": 74.6,
        "ndvi": 0.11,
        "ndbi": 0.76,
        "risk_tier": "High",
        "cluster_id": 0
      }
    },
    {
      "type": "Feature",
      "geometry": {
        "type": "Point",
        "coordinates": [
          72.85343,
          19.06839
        ]
      },
      "properties": {
        "ward_id": "WARD_H_EAST",
        "ward_code": "H/E",
        "ward_name": "Bandra East / Khar East / Santacruz East",
        "feature_type": "heat_dot",
        "is_centroid": false,
        "lst_temp": 36.6,
        "hvi_score": 69.3,
        "ndvi": 0.21,
        "ndbi": 0.66,
        "risk_tier": "High",
        "cluster_id": 0
      }
    },
    {
      "type": "Feature",
      "geometry": {
        "type": "Point",
        "coordinates": [
          72.85207,
          19.0614
        ]
      },
      "properties": {
        "ward_id": "WARD_H_EAST",
        "ward_code": "H/E",
        "ward_name": "Bandra East / Khar East / Santacruz East",
        "feature_type": "heat_dot",
        "is_centroid": false,
        "lst_temp": 36.4,
        "hvi_score": 68.8,
        "ndvi": 0.22,
        "ndbi": 0.65,
        "risk_tier": "High",
        "cluster_id": 0
      }
    },
    {
      "type": "Feature",
      "geometry": {
        "type": "Point",
        "coordinates": [
          72.85639,
          19.06497
        ]
      },
      "properties": {
        "ward_id": "WARD_H_EAST",
        "ward_code": "H/E",
        "ward_name": "Bandra East / Khar East / Santacruz East",
        "feature_type": "heat_dot",
        "is_centroid": false,
        "lst_temp": 36.8,
        "hvi_score": 69.8,
        "ndvi": 0.2,
        "ndbi": 0.67,
        "risk_tier": "High",
        "cluster_id": 0
      }
    },
    {
      "type": "Feature",
      "geometry": {
        "type": "Point",
        "coordinates": [
          72.85841,
          19.05808
        ]
      },
      "properties": {
        "ward_id": "WARD_H_EAST",
        "ward_code": "H/E",
        "ward_name": "Bandra East / Khar East / Santacruz East",
        "feature_type": "heat_dot",
        "is_centroid": false,
        "lst_temp": 36.3,
        "hvi_score": 68.6,
        "ndvi": 0.22,
        "ndbi": 0.65,
        "risk_tier": "High",
        "cluster_id": 0
      }
    },
    {
      "type": "Feature",
      "geometry": {
        "type": "Point",
        "coordinates": [
          72.86102,
          19.05966
        ]
      },
      "properties": {
        "ward_id": "WARD_H_EAST",
        "ward_code": "H/E",
        "ward_name": "Bandra East / Khar East / Santacruz East",
        "feature_type": "heat_dot",
        "is_centroid": false,
        "lst_temp": 35.7,
        "hvi_score": 67.2,
        "ndvi": 0.25,
        "ndbi": 0.62,
        "risk_tier": "High",
        "cluster_id": 0
      }
    },
    {
      "type": "Feature",
      "geometry": {
        "type": "Point",
        "coordinates": [
          72.85978,
          19.06726
        ]
      },
      "properties": {
        "ward_id": "WARD_H_EAST",
        "ward_code": "H/E",
        "ward_name": "Bandra East / Khar East / Santacruz East",
        "feature_type": "heat_dot",
        "is_centroid": false,
        "lst_temp": 38.3,
        "hvi_score": 72.9,
        "ndvi": 0.15,
        "ndbi": 0.72,
        "risk_tier": "High",
        "cluster_id": 0
      }
    },
    {
      "type": "Feature",
      "geometry": {
        "type": "Point",
        "coordinates": [
          72.86052,
          19.06956
        ]
      },
      "properties": {
        "ward_id": "WARD_H_EAST",
        "ward_code": "H/E",
        "ward_name": "Bandra East / Khar East / Santacruz East",
        "feature_type": "heat_dot",
        "is_centroid": false,
        "lst_temp": 37.8,
        "hvi_score": 71.9,
        "ndvi": 0.16,
        "ndbi": 0.71,
        "risk_tier": "High",
        "cluster_id": 0
      }
    },
    {
      "type": "Feature",
      "id": "WARD_H_WEST",
      "geometry": {
        "type": "Polygon",
        "coordinates": [
          [
            [
              72.84319,
              19.067
            ],
            [
              72.84196,
              19.07733
            ],
            [
              72.83765,
              19.08475
            ],
            [
              72.83313,
              19.09166
            ],
            [
              72.827,
              19.08962
            ],
            [
              72.82202,
              19.08704
            ],
            [
              72.81471,
              19.08748
            ],
            [
              72.81162,
              19.07762
            ],
            [
              72.81264,
              19.067
            ],
            [
              72.81423,
              19.05818
            ],
            [
              72.81629,
              19.04915
            ],
            [
              72.82133,
              19.04417
            ],
            [
              72.827,
              19.03855
            ],
            [
              72.83335,
              19.04144
            ],
            [
              72.83641,
              19.05131
            ],
            [
              72.83937,
              19.05846
            ],
            [
              72.84319,
              19.067
            ]
          ]
        ]
      },
      "properties": {
        "ward_id": "WARD_H_WEST",
        "ward_code": "H/W",
        "ward_name": "Bandra West / Khar West / Santacruz West",
        "zone": "Zone 3",
        "feature_type": "ward_polygon",
        "area_sqkm": 11.5,
        "hvi_score": 46.5,
        "risk_tier": "Moderate",
        "lst_mean": 33.8,
        "ndvi_mean": 0.31,
        "ndbi_mean": 0.54,
        "pop_density": 32000,
        "cluster_id": 2,
        "cluster_name": "Coastal Moderate Microclimate",
        "is_demo_data": true
      }
    },
    {
      "type": "Feature",
      "geometry": {
        "type": "Point",
        "coordinates": [
          72.827,
          19.067
        ]
      },
      "properties": {
        "ward_id": "WARD_H_WEST",
        "ward_code": "H/W",
        "ward_name": "Bandra West / Khar West / Santacruz West",
        "feature_type": "heat_dot",
        "is_centroid": true,
        "lst_temp": 33.8,
        "hvi_score": 46.5,
        "ndvi": 0.31,
        "ndbi": 0.54,
        "risk_tier": "Moderate",
        "cluster_id": 2
      }
    },
    {
      "type": "Feature",
      "geometry": {
        "type": "Point",
        "coordinates": [
          72.83007,
          19.06637
        ]
      },
      "properties": {
        "ward_id": "WARD_H_WEST",
        "ward_code": "H/W",
        "ward_name": "Bandra West / Khar West / Santacruz West",
        "feature_type": "heat_dot",
        "is_centroid": false,
        "lst_temp": 34.8,
        "hvi_score": 48.8,
        "ndvi": 0.27,
        "ndbi": 0.58,
        "risk_tier": "Moderate",
        "cluster_id": 2
      }
    },
    {
      "type": "Feature",
      "geometry": {
        "type": "Point",
        "coordinates": [
          72.82965,
          19.06958
        ]
      },
      "properties": {
        "ward_id": "WARD_H_WEST",
        "ward_code": "H/W",
        "ward_name": "Bandra West / Khar West / Santacruz West",
        "feature_type": "heat_dot",
        "is_centroid": false,
        "lst_temp": 34.2,
        "hvi_score": 47.3,
        "ndvi": 0.3,
        "ndbi": 0.55,
        "risk_tier": "Moderate",
        "cluster_id": 2
      }
    },
    {
      "type": "Feature",
      "geometry": {
        "type": "Point",
        "coordinates": [
          72.83521,
          19.07888
        ]
      },
      "properties": {
        "ward_id": "WARD_H_WEST",
        "ward_code": "H/W",
        "ward_name": "Bandra West / Khar West / Santacruz West",
        "feature_type": "heat_dot",
        "is_centroid": false,
        "lst_temp": 33.3,
        "hvi_score": 45.3,
        "ndvi": 0.33,
        "ndbi": 0.52,
        "risk_tier": "Moderate",
        "cluster_id": 2
      }
    },
    {
      "type": "Feature",
      "geometry": {
        "type": "Point",
        "coordinates": [
          72.83099,
          19.07774
        ]
      },
      "properties": {
        "ward_id": "WARD_H_WEST",
        "ward_code": "H/W",
        "ward_name": "Bandra West / Khar West / Santacruz West",
        "feature_type": "heat_dot",
        "is_centroid": false,
        "lst_temp": 32.9,
        "hvi_score": 44.4,
        "ndvi": 0.35,
        "ndbi": 0.5,
        "risk_tier": "Moderate",
        "cluster_id": 2
      }
    },
    {
      "type": "Feature",
      "geometry": {
        "type": "Point",
        "coordinates": [
          72.82596,
          19.08309
        ]
      },
      "properties": {
        "ward_id": "WARD_H_WEST",
        "ward_code": "H/W",
        "ward_name": "Bandra West / Khar West / Santacruz West",
        "feature_type": "heat_dot",
        "is_centroid": false,
        "lst_temp": 33.3,
        "hvi_score": 45.4,
        "ndvi": 0.33,
        "ndbi": 0.52,
        "risk_tier": "Moderate",
        "cluster_id": 2
      }
    },
    {
      "type": "Feature",
      "geometry": {
        "type": "Point",
        "coordinates": [
          72.8253,
          19.07341
        ]
      },
      "properties": {
        "ward_id": "WARD_H_WEST",
        "ward_code": "H/W",
        "ward_name": "Bandra West / Khar West / Santacruz West",
        "feature_type": "heat_dot",
        "is_centroid": false,
        "lst_temp": 35.3,
        "hvi_score": 49.8,
        "ndvi": 0.25,
        "ndbi": 0.6,
        "risk_tier": "Moderate",
        "cluster_id": 2
      }
    },
    {
      "type": "Feature",
      "geometry": {
        "type": "Point",
        "coordinates": [
          72.82507,
          19.0709
        ]
      },
      "properties": {
        "ward_id": "WARD_H_WEST",
        "ward_code": "H/W",
        "ward_name": "Bandra West / Khar West / Santacruz West",
        "feature_type": "heat_dot",
        "is_centroid": false,
        "lst_temp": 35.2,
        "hvi_score": 49.6,
        "ndvi": 0.25,
        "ndbi": 0.6,
        "risk_tier": "Moderate",
        "cluster_id": 2
      }
    },
    {
      "type": "Feature",
      "geometry": {
        "type": "Point",
        "coordinates": [
          72.82418,
          19.06935
        ]
      },
      "properties": {
        "ward_id": "WARD_H_WEST",
        "ward_code": "H/W",
        "ward_name": "Bandra West / Khar West / Santacruz West",
        "feature_type": "heat_dot",
        "is_centroid": false,
        "lst_temp": 32.8,
        "hvi_score": 44.3,
        "ndvi": 0.35,
        "ndbi": 0.5,
        "risk_tier": "Moderate",
        "cluster_id": 2
      }
    },
    {
      "type": "Feature",
      "geometry": {
        "type": "Point",
        "coordinates": [
          72.82431,
          19.06707
        ]
      },
      "properties": {
        "ward_id": "WARD_H_WEST",
        "ward_code": "H/W",
        "ward_name": "Bandra West / Khar West / Santacruz West",
        "feature_type": "heat_dot",
        "is_centroid": false,
        "lst_temp": 35.0,
        "hvi_score": 49.2,
        "ndvi": 0.26,
        "ndbi": 0.59,
        "risk_tier": "Moderate",
        "cluster_id": 2
      }
    },
    {
      "type": "Feature",
      "geometry": {
        "type": "Point",
        "coordinates": [
          72.81678,
          19.06545
        ]
      },
      "properties": {
        "ward_id": "WARD_H_WEST",
        "ward_code": "H/W",
        "ward_name": "Bandra West / Khar West / Santacruz West",
        "feature_type": "heat_dot",
        "is_centroid": false,
        "lst_temp": 33.4,
        "hvi_score": 45.7,
        "ndvi": 0.33,
        "ndbi": 0.52,
        "risk_tier": "Moderate",
        "cluster_id": 2
      }
    },
    {
      "type": "Feature",
      "geometry": {
        "type": "Point",
        "coordinates": [
          72.82056,
          19.06081
        ]
      },
      "properties": {
        "ward_id": "WARD_H_WEST",
        "ward_code": "H/W",
        "ward_name": "Bandra West / Khar West / Santacruz West",
        "feature_type": "heat_dot",
        "is_centroid": false,
        "lst_temp": 35.2,
        "hvi_score": 49.7,
        "ndvi": 0.25,
        "ndbi": 0.6,
        "risk_tier": "Moderate",
        "cluster_id": 2
      }
    },
    {
      "type": "Feature",
      "geometry": {
        "type": "Point",
        "coordinates": [
          72.82521,
          19.06328
        ]
      },
      "properties": {
        "ward_id": "WARD_H_WEST",
        "ward_code": "H/W",
        "ward_name": "Bandra West / Khar West / Santacruz West",
        "feature_type": "heat_dot",
        "is_centroid": false,
        "lst_temp": 33.8,
        "hvi_score": 46.4,
        "ndvi": 0.31,
        "ndbi": 0.54,
        "risk_tier": "Moderate",
        "cluster_id": 2
      }
    },
    {
      "type": "Feature",
      "geometry": {
        "type": "Point",
        "coordinates": [
          72.8254,
          19.05788
        ]
      },
      "properties": {
        "ward_id": "WARD_H_WEST",
        "ward_code": "H/W",
        "ward_name": "Bandra West / Khar West / Santacruz West",
        "feature_type": "heat_dot",
        "is_centroid": false,
        "lst_temp": 32.1,
        "hvi_score": 42.7,
        "ndvi": 0.38,
        "ndbi": 0.47,
        "risk_tier": "Moderate",
        "cluster_id": 2
      }
    },
    {
      "type": "Feature",
      "geometry": {
        "type": "Point",
        "coordinates": [
          72.82683,
          19.05341
        ]
      },
      "properties": {
        "ward_id": "WARD_H_WEST",
        "ward_code": "H/W",
        "ward_name": "Bandra West / Khar West / Santacruz West",
        "feature_type": "heat_dot",
        "is_centroid": false,
        "lst_temp": 32.1,
        "hvi_score": 42.9,
        "ndvi": 0.38,
        "ndbi": 0.47,
        "risk_tier": "Moderate",
        "cluster_id": 2
      }
    },
    {
      "type": "Feature",
      "geometry": {
        "type": "Point",
        "coordinates": [
          72.83051,
          19.05822
        ]
      },
      "properties": {
        "ward_id": "WARD_H_WEST",
        "ward_code": "H/W",
        "ward_name": "Bandra West / Khar West / Santacruz West",
        "feature_type": "heat_dot",
        "is_centroid": false,
        "lst_temp": 35.3,
        "hvi_score": 49.8,
        "ndvi": 0.25,
        "ndbi": 0.6,
        "risk_tier": "Moderate",
        "cluster_id": 2
      }
    },
    {
      "type": "Feature",
      "geometry": {
        "type": "Point",
        "coordinates": [
          72.82882,
          19.06398
        ]
      },
      "properties": {
        "ward_id": "WARD_H_WEST",
        "ward_code": "H/W",
        "ward_name": "Bandra West / Khar West / Santacruz West",
        "feature_type": "heat_dot",
        "is_centroid": false,
        "lst_temp": 32.2,
        "hvi_score": 43.0,
        "ndvi": 0.37,
        "ndbi": 0.48,
        "risk_tier": "Moderate",
        "cluster_id": 2
      }
    },
    {
      "type": "Feature",
      "geometry": {
        "type": "Point",
        "coordinates": [
          72.83583,
          19.062
        ]
      },
      "properties": {
        "ward_id": "WARD_H_WEST",
        "ward_code": "H/W",
        "ward_name": "Bandra West / Khar West / Santacruz West",
        "feature_type": "heat_dot",
        "is_centroid": false,
        "lst_temp": 32.6,
        "hvi_score": 44.0,
        "ndvi": 0.36,
        "ndbi": 0.49,
        "risk_tier": "Moderate",
        "cluster_id": 2
      }
    },
    {
      "type": "Feature",
      "id": "WARD_K_EAST",
      "geometry": {
        "type": "Polygon",
        "coordinates": [
          [
            [
              72.8938,
              19.117
            ],
            [
              72.89163,
              19.1272
            ],
            [
              72.88519,
              19.13519
            ],
            [
              72.87651,
              19.13995
            ],
            [
              72.867,
              19.13898
            ],
            [
              72.85894,
              19.13645
            ],
            [
              72.84649,
              19.13751
            ],
            [
              72.84144,
              19.12759
            ],
            [
              72.8448,
              19.117
            ],
            [
              72.84589,
              19.10826
            ],
            [
              72.84981,
              19.09981
            ],
            [
              72.85741,
              19.09384
            ],
            [
              72.867,
              19.08803
            ],
            [
              72.87768,
              19.09121
            ],
            [
              72.88237,
              19.10163
            ],
            [
              72.88598,
              19.10914
            ],
            [
              72.8938,
              19.117
            ]
          ]
        ]
      },
      "properties": {
        "ward_id": "WARD_K_EAST",
        "ward_code": "K/E",
        "ward_name": "Andheri East / Vile Parle East / MIDC",
        "zone": "Zone 3",
        "feature_type": "ward_polygon",
        "area_sqkm": 24.8,
        "hvi_score": 76.8,
        "risk_tier": "Extreme",
        "lst_mean": 38.1,
        "ndvi_mean": 0.15,
        "ndbi_mean": 0.75,
        "pop_density": 34000,
        "cluster_id": 0,
        "cluster_name": "Concrete Thermal Hotspot",
        "is_demo_data": true
      }
    },
    {
      "type": "Feature",
      "geometry": {
        "type": "Point",
        "coordinates": [
          72.867,
          19.117
        ]
      },
      "properties": {
        "ward_id": "WARD_K_EAST",
        "ward_code": "K/E",
        "ward_name": "Andheri East / Vile Parle East / MIDC",
        "feature_type": "heat_dot",
        "is_centroid": true,
        "lst_temp": 38.1,
        "hvi_score": 76.8,
        "ndvi": 0.15,
        "ndbi": 0.75,
        "risk_tier": "Extreme",
        "cluster_id": 0
      }
    },
    {
      "type": "Feature",
      "geometry": {
        "type": "Point",
        "coordinates": [
          72.87764,
          19.11753
        ]
      },
      "properties": {
        "ward_id": "WARD_K_EAST",
        "ward_code": "K/E",
        "ward_name": "Andheri East / Vile Parle East / MIDC",
        "feature_type": "heat_dot",
        "is_centroid": false,
        "lst_temp": 38.6,
        "hvi_score": 77.9,
        "ndvi": 0.13,
        "ndbi": 0.77,
        "risk_tier": "Extreme",
        "cluster_id": 0
      }
    },
    {
      "type": "Feature",
      "geometry": {
        "type": "Point",
        "coordinates": [
          72.87441,
          19.12027
        ]
      },
      "properties": {
        "ward_id": "WARD_K_EAST",
        "ward_code": "K/E",
        "ward_name": "Andheri East / Vile Parle East / MIDC",
        "feature_type": "heat_dot",
        "is_centroid": false,
        "lst_temp": 36.7,
        "hvi_score": 73.8,
        "ndvi": 0.2,
        "ndbi": 0.7,
        "risk_tier": "High",
        "cluster_id": 0
      }
    },
    {
      "type": "Feature",
      "geometry": {
        "type": "Point",
        "coordinates": [
          72.87117,
          19.1214
        ]
      },
      "properties": {
        "ward_id": "WARD_K_EAST",
        "ward_code": "K/E",
        "ward_name": "Andheri East / Vile Parle East / MIDC",
        "feature_type": "heat_dot",
        "is_centroid": false,
        "lst_temp": 37.0,
        "hvi_score": 74.3,
        "ndvi": 0.2,
        "ndbi": 0.7,
        "risk_tier": "High",
        "cluster_id": 0
      }
    },
    {
      "type": "Feature",
      "geometry": {
        "type": "Point",
        "coordinates": [
          72.87457,
          19.12848
        ]
      },
      "properties": {
        "ward_id": "WARD_K_EAST",
        "ward_code": "K/E",
        "ward_name": "Andheri East / Vile Parle East / MIDC",
        "feature_type": "heat_dot",
        "is_centroid": false,
        "lst_temp": 36.5,
        "hvi_score": 73.3,
        "ndvi": 0.21,
        "ndbi": 0.69,
        "risk_tier": "High",
        "cluster_id": 0
      }
    },
    {
      "type": "Feature",
      "geometry": {
        "type": "Point",
        "coordinates": [
          72.86675,
          19.12283
        ]
      },
      "properties": {
        "ward_id": "WARD_K_EAST",
        "ward_code": "K/E",
        "ward_name": "Andheri East / Vile Parle East / MIDC",
        "feature_type": "heat_dot",
        "is_centroid": false,
        "lst_temp": 37.5,
        "hvi_score": 75.5,
        "ndvi": 0.17,
        "ndbi": 0.73,
        "risk_tier": "Extreme",
        "cluster_id": 0
      }
    },
    {
      "type": "Feature",
      "geometry": {
        "type": "Point",
        "coordinates": [
          72.85998,
          19.13175
        ]
      },
      "properties": {
        "ward_id": "WARD_K_EAST",
        "ward_code": "K/E",
        "ward_name": "Andheri East / Vile Parle East / MIDC",
        "feature_type": "heat_dot",
        "is_centroid": false,
        "lst_temp": 39.3,
        "hvi_score": 79.5,
        "ndvi": 0.1,
        "ndbi": 0.8,
        "risk_tier": "Extreme",
        "cluster_id": 0
      }
    },
    {
      "type": "Feature",
      "geometry": {
        "type": "Point",
        "coordinates": [
          72.86113,
          19.1256
        ]
      },
      "properties": {
        "ward_id": "WARD_K_EAST",
        "ward_code": "K/E",
        "ward_name": "Andheri East / Vile Parle East / MIDC",
        "feature_type": "heat_dot",
        "is_centroid": false,
        "lst_temp": 37.1,
        "hvi_score": 74.6,
        "ndvi": 0.19,
        "ndbi": 0.71,
        "risk_tier": "High",
        "cluster_id": 0
      }
    },
    {
      "type": "Feature",
      "geometry": {
        "type": "Point",
        "coordinates": [
          72.85698,
          19.12411
        ]
      },
      "properties": {
        "ward_id": "WARD_K_EAST",
        "ward_code": "K/E",
        "ward_name": "Andheri East / Vile Parle East / MIDC",
        "feature_type": "heat_dot",
        "is_centroid": false,
        "lst_temp": 38.5,
        "hvi_score": 77.7,
        "ndvi": 0.13,
        "ndbi": 0.77,
        "risk_tier": "Extreme",
        "cluster_id": 0
      }
    },
    {
      "type": "Feature",
      "geometry": {
        "type": "Point",
        "coordinates": [
          72.85045,
          19.12202
        ]
      },
      "properties": {
        "ward_id": "WARD_K_EAST",
        "ward_code": "K/E",
        "ward_name": "Andheri East / Vile Parle East / MIDC",
        "feature_type": "heat_dot",
        "is_centroid": false,
        "lst_temp": 37.3,
        "hvi_score": 75.1,
        "ndvi": 0.18,
        "ndbi": 0.72,
        "risk_tier": "Extreme",
        "cluster_id": 0
      }
    },
    {
      "type": "Feature",
      "geometry": {
        "type": "Point",
        "coordinates": [
          72.85895,
          19.1144
        ]
      },
      "properties": {
        "ward_id": "WARD_K_EAST",
        "ward_code": "K/E",
        "ward_name": "Andheri East / Vile Parle East / MIDC",
        "feature_type": "heat_dot",
        "is_centroid": false,
        "lst_temp": 38.8,
        "hvi_score": 78.3,
        "ndvi": 0.12,
        "ndbi": 0.78,
        "risk_tier": "Extreme",
        "cluster_id": 0
      }
    },
    {
      "type": "Feature",
      "geometry": {
        "type": "Point",
        "coordinates": [
          72.85656,
          19.10996
        ]
      },
      "properties": {
        "ward_id": "WARD_K_EAST",
        "ward_code": "K/E",
        "ward_name": "Andheri East / Vile Parle East / MIDC",
        "feature_type": "heat_dot",
        "is_centroid": false,
        "lst_temp": 36.5,
        "hvi_score": 73.3,
        "ndvi": 0.21,
        "ndbi": 0.69,
        "risk_tier": "High",
        "cluster_id": 0
      }
    },
    {
      "type": "Feature",
      "geometry": {
        "type": "Point",
        "coordinates": [
          72.86351,
          19.11292
        ]
      },
      "properties": {
        "ward_id": "WARD_K_EAST",
        "ward_code": "K/E",
        "ward_name": "Andheri East / Vile Parle East / MIDC",
        "feature_type": "heat_dot",
        "is_centroid": false,
        "lst_temp": 39.4,
        "hvi_score": 79.7,
        "ndvi": 0.1,
        "ndbi": 0.8,
        "risk_tier": "Extreme",
        "cluster_id": 0
      }
    },
    {
      "type": "Feature",
      "geometry": {
        "type": "Point",
        "coordinates": [
          72.86026,
          19.10157
        ]
      },
      "properties": {
        "ward_id": "WARD_K_EAST",
        "ward_code": "K/E",
        "ward_name": "Andheri East / Vile Parle East / MIDC",
        "feature_type": "heat_dot",
        "is_centroid": false,
        "lst_temp": 39.2,
        "hvi_score": 79.2,
        "ndvi": 0.11,
        "ndbi": 0.79,
        "risk_tier": "Extreme",
        "cluster_id": 0
      }
    },
    {
      "type": "Feature",
      "geometry": {
        "type": "Point",
        "coordinates": [
          72.86542,
          19.10215
        ]
      },
      "properties": {
        "ward_id": "WARD_K_EAST",
        "ward_code": "K/E",
        "ward_name": "Andheri East / Vile Parle East / MIDC",
        "feature_type": "heat_dot",
        "is_centroid": false,
        "lst_temp": 38.8,
        "hvi_score": 78.4,
        "ndvi": 0.12,
        "ndbi": 0.78,
        "risk_tier": "Extreme",
        "cluster_id": 0
      }
    },
    {
      "type": "Feature",
      "geometry": {
        "type": "Point",
        "coordinates": [
          72.87064,
          19.10487
        ]
      },
      "properties": {
        "ward_id": "WARD_K_EAST",
        "ward_code": "K/E",
        "ward_name": "Andheri East / Vile Parle East / MIDC",
        "feature_type": "heat_dot",
        "is_centroid": false,
        "lst_temp": 37.1,
        "hvi_score": 74.6,
        "ndvi": 0.19,
        "ndbi": 0.71,
        "risk_tier": "High",
        "cluster_id": 0
      }
    },
    {
      "type": "Feature",
      "geometry": {
        "type": "Point",
        "coordinates": [
          72.88045,
          19.10539
        ]
      },
      "properties": {
        "ward_id": "WARD_K_EAST",
        "ward_code": "K/E",
        "ward_name": "Andheri East / Vile Parle East / MIDC",
        "feature_type": "heat_dot",
        "is_centroid": false,
        "lst_temp": 39.2,
        "hvi_score": 79.3,
        "ndvi": 0.11,
        "ndbi": 0.79,
        "risk_tier": "Extreme",
        "cluster_id": 0
      }
    },
    {
      "type": "Feature",
      "geometry": {
        "type": "Point",
        "coordinates": [
          72.88038,
          19.11098
        ]
      },
      "properties": {
        "ward_id": "WARD_K_EAST",
        "ward_code": "K/E",
        "ward_name": "Andheri East / Vile Parle East / MIDC",
        "feature_type": "heat_dot",
        "is_centroid": false,
        "lst_temp": 39.5,
        "hvi_score": 79.9,
        "ndvi": 0.09,
        "ndbi": 0.81,
        "risk_tier": "Extreme",
        "cluster_id": 0
      }
    },
    {
      "type": "Feature",
      "id": "WARD_K_WEST",
      "geometry": {
        "type": "Polygon",
        "coordinates": [
          [
            [
              72.84288,
              19.122
            ],
            [
              72.84168,
              19.13423
            ],
            [
              72.837,
              19.14449
            ],
            [
              72.83007,
              19.15122
            ],
            [
              72.822,
              19.14847
            ],
            [
              72.81556,
              19.14531
            ],
            [
              72.80634,
              19.14549
            ],
            [
              72.80112,
              19.13497
            ],
            [
              72.80306,
              19.122
            ],
            [
              72.80566,
              19.11185
            ],
            [
              72.80866,
              19.10199
            ],
            [
              72.81437,
              19.09436
            ],
            [
              72.822,
              19.08797
            ],
            [
              72.83068,
              19.09057
            ],
            [
              72.83422,
              19.10368
            ],
            [
              72.83831,
              19.11186
            ],
            [
              72.84288,
              19.122
            ]
          ]
        ]
      },
      "properties": {
        "ward_id": "WARD_K_WEST",
        "ward_code": "K/W",
        "ward_name": "Andheri West / Versova / Juhu",
        "zone": "Zone 3",
        "feature_type": "ward_polygon",
        "area_sqkm": 23.4,
        "hvi_score": 44.2,
        "risk_tier": "Moderate",
        "lst_mean": 33.5,
        "ndvi_mean": 0.33,
        "ndbi_mean": 0.52,
        "pop_density": 31000,
        "cluster_id": 2,
        "cluster_name": "Coastal Moderate Microclimate",
        "is_demo_data": true
      }
    },
    {
      "type": "Feature",
      "geometry": {
        "type": "Point",
        "coordinates": [
          72.822,
          19.122
        ]
      },
      "properties": {
        "ward_id": "WARD_K_WEST",
        "ward_code": "K/W",
        "ward_name": "Andheri West / Versova / Juhu",
        "feature_type": "heat_dot",
        "is_centroid": true,
        "lst_temp": 33.5,
        "hvi_score": 44.2,
        "ndvi": 0.33,
        "ndbi": 0.52,
        "risk_tier": "Moderate",
        "cluster_id": 2
      }
    },
    {
      "type": "Feature",
      "geometry": {
        "type": "Point",
        "coordinates": [
          72.82658,
          19.12205
        ]
      },
      "properties": {
        "ward_id": "WARD_K_WEST",
        "ward_code": "K/W",
        "ward_name": "Andheri West / Versova / Juhu",
        "feature_type": "heat_dot",
        "is_centroid": false,
        "lst_temp": 35.3,
        "hvi_score": 48.1,
        "ndvi": 0.26,
        "ndbi": 0.59,
        "risk_tier": "Moderate",
        "cluster_id": 2
      }
    },
    {
      "type": "Feature",
      "geometry": {
        "type": "Point",
        "coordinates": [
          72.83282,
          19.12839
        ]
      },
      "properties": {
        "ward_id": "WARD_K_WEST",
        "ward_code": "K/W",
        "ward_name": "Andheri West / Versova / Juhu",
        "feature_type": "heat_dot",
        "is_centroid": false,
        "lst_temp": 33.2,
        "hvi_score": 43.5,
        "ndvi": 0.34,
        "ndbi": 0.51,
        "risk_tier": "Moderate",
        "cluster_id": 2
      }
    },
    {
      "type": "Feature",
      "geometry": {
        "type": "Point",
        "coordinates": [
          72.82495,
          19.12494
        ]
      },
      "properties": {
        "ward_id": "WARD_K_WEST",
        "ward_code": "K/W",
        "ward_name": "Andheri West / Versova / Juhu",
        "feature_type": "heat_dot",
        "is_centroid": false,
        "lst_temp": 31.7,
        "hvi_score": 40.2,
        "ndvi": 0.4,
        "ndbi": 0.45,
        "risk_tier": "Moderate",
        "cluster_id": 2
      }
    },
    {
      "type": "Feature",
      "geometry": {
        "type": "Point",
        "coordinates": [
          72.82463,
          19.12769
        ]
      },
      "properties": {
        "ward_id": "WARD_K_WEST",
        "ward_code": "K/W",
        "ward_name": "Andheri West / Versova / Juhu",
        "feature_type": "heat_dot",
        "is_centroid": false,
        "lst_temp": 32.5,
        "hvi_score": 41.9,
        "ndvi": 0.37,
        "ndbi": 0.48,
        "risk_tier": "Moderate",
        "cluster_id": 2
      }
    },
    {
      "type": "Feature",
      "geometry": {
        "type": "Point",
        "coordinates": [
          72.82181,
          19.13196
        ]
      },
      "properties": {
        "ward_id": "WARD_K_WEST",
        "ward_code": "K/W",
        "ward_name": "Andheri West / Versova / Juhu",
        "feature_type": "heat_dot",
        "is_centroid": false,
        "lst_temp": 32.5,
        "hvi_score": 41.9,
        "ndvi": 0.37,
        "ndbi": 0.48,
        "risk_tier": "Moderate",
        "cluster_id": 2
      }
    },
    {
      "type": "Feature",
      "geometry": {
        "type": "Point",
        "coordinates": [
          72.81991,
          19.14063
        ]
      },
      "properties": {
        "ward_id": "WARD_K_WEST",
        "ward_code": "K/W",
        "ward_name": "Andheri West / Versova / Juhu",
        "feature_type": "heat_dot",
        "is_centroid": false,
        "lst_temp": 35.1,
        "hvi_score": 47.7,
        "ndvi": 0.27,
        "ndbi": 0.58,
        "risk_tier": "Moderate",
        "cluster_id": 2
      }
    },
    {
      "type": "Feature",
      "geometry": {
        "type": "Point",
        "coordinates": [
          72.81852,
          19.13187
        ]
      },
      "properties": {
        "ward_id": "WARD_K_WEST",
        "ward_code": "K/W",
        "ward_name": "Andheri West / Versova / Juhu",
        "feature_type": "heat_dot",
        "is_centroid": false,
        "lst_temp": 32.5,
        "hvi_score": 42.0,
        "ndvi": 0.37,
        "ndbi": 0.48,
        "risk_tier": "Moderate",
        "cluster_id": 2
      }
    },
    {
      "type": "Feature",
      "geometry": {
        "type": "Point",
        "coordinates": [
          72.81311,
          19.13441
        ]
      },
      "properties": {
        "ward_id": "WARD_K_WEST",
        "ward_code": "K/W",
        "ward_name": "Andheri West / Versova / Juhu",
        "feature_type": "heat_dot",
        "is_centroid": false,
        "lst_temp": 35.2,
        "hvi_score": 47.9,
        "ndvi": 0.26,
        "ndbi": 0.59,
        "risk_tier": "Moderate",
        "cluster_id": 2
      }
    },
    {
      "type": "Feature",
      "geometry": {
        "type": "Point",
        "coordinates": [
          72.80913,
          19.12252
        ]
      },
      "properties": {
        "ward_id": "WARD_K_WEST",
        "ward_code": "K/W",
        "ward_name": "Andheri West / Versova / Juhu",
        "feature_type": "heat_dot",
        "is_centroid": false,
        "lst_temp": 35.2,
        "hvi_score": 48.0,
        "ndvi": 0.26,
        "ndbi": 0.59,
        "risk_tier": "Moderate",
        "cluster_id": 2
      }
    },
    {
      "type": "Feature",
      "geometry": {
        "type": "Point",
        "coordinates": [
          72.81768,
          19.12134
        ]
      },
      "properties": {
        "ward_id": "WARD_K_WEST",
        "ward_code": "K/W",
        "ward_name": "Andheri West / Versova / Juhu",
        "feature_type": "heat_dot",
        "is_centroid": false,
        "lst_temp": 33.5,
        "hvi_score": 44.2,
        "ndvi": 0.33,
        "ndbi": 0.52,
        "risk_tier": "Moderate",
        "cluster_id": 2
      }
    },
    {
      "type": "Feature",
      "geometry": {
        "type": "Point",
        "coordinates": [
          72.81651,
          19.11569
        ]
      },
      "properties": {
        "ward_id": "WARD_K_WEST",
        "ward_code": "K/W",
        "ward_name": "Andheri West / Versova / Juhu",
        "feature_type": "heat_dot",
        "is_centroid": false,
        "lst_temp": 35.1,
        "hvi_score": 47.8,
        "ndvi": 0.27,
        "ndbi": 0.58,
        "risk_tier": "Moderate",
        "cluster_id": 2
      }
    },
    {
      "type": "Feature",
      "geometry": {
        "type": "Point",
        "coordinates": [
          72.81639,
          19.11253
        ]
      },
      "properties": {
        "ward_id": "WARD_K_WEST",
        "ward_code": "K/W",
        "ward_name": "Andheri West / Versova / Juhu",
        "feature_type": "heat_dot",
        "is_centroid": false,
        "lst_temp": 34.8,
        "hvi_score": 47.1,
        "ndvi": 0.28,
        "ndbi": 0.57,
        "risk_tier": "Moderate",
        "cluster_id": 2
      }
    },
    {
      "type": "Feature",
      "geometry": {
        "type": "Point",
        "coordinates": [
          72.81632,
          19.10351
        ]
      },
      "properties": {
        "ward_id": "WARD_K_WEST",
        "ward_code": "K/W",
        "ward_name": "Andheri West / Versova / Juhu",
        "feature_type": "heat_dot",
        "is_centroid": false,
        "lst_temp": 34.9,
        "hvi_score": 47.3,
        "ndvi": 0.27,
        "ndbi": 0.58,
        "risk_tier": "Moderate",
        "cluster_id": 2
      }
    },
    {
      "type": "Feature",
      "geometry": {
        "type": "Point",
        "coordinates": [
          72.82332,
          19.11217
        ]
      },
      "properties": {
        "ward_id": "WARD_K_WEST",
        "ward_code": "K/W",
        "ward_name": "Andheri West / Versova / Juhu",
        "feature_type": "heat_dot",
        "is_centroid": false,
        "lst_temp": 32.0,
        "hvi_score": 41.0,
        "ndvi": 0.39,
        "ndbi": 0.46,
        "risk_tier": "Moderate",
        "cluster_id": 2
      }
    },
    {
      "type": "Feature",
      "geometry": {
        "type": "Point",
        "coordinates": [
          72.82881,
          19.10433
        ]
      },
      "properties": {
        "ward_id": "WARD_K_WEST",
        "ward_code": "K/W",
        "ward_name": "Andheri West / Versova / Juhu",
        "feature_type": "heat_dot",
        "is_centroid": false,
        "lst_temp": 32.7,
        "hvi_score": 42.4,
        "ndvi": 0.36,
        "ndbi": 0.49,
        "risk_tier": "Moderate",
        "cluster_id": 2
      }
    },
    {
      "type": "Feature",
      "geometry": {
        "type": "Point",
        "coordinates": [
          72.83058,
          19.10871
        ]
      },
      "properties": {
        "ward_id": "WARD_K_WEST",
        "ward_code": "K/W",
        "ward_name": "Andheri West / Versova / Juhu",
        "feature_type": "heat_dot",
        "is_centroid": false,
        "lst_temp": 33.6,
        "hvi_score": 44.5,
        "ndvi": 0.32,
        "ndbi": 0.53,
        "risk_tier": "Moderate",
        "cluster_id": 2
      }
    },
    {
      "type": "Feature",
      "geometry": {
        "type": "Point",
        "coordinates": [
          72.8307,
          19.11877
        ]
      },
      "properties": {
        "ward_id": "WARD_K_WEST",
        "ward_code": "K/W",
        "ward_name": "Andheri West / Versova / Juhu",
        "feature_type": "heat_dot",
        "is_centroid": false,
        "lst_temp": 31.9,
        "hvi_score": 40.7,
        "ndvi": 0.39,
        "ndbi": 0.46,
        "risk_tier": "Moderate",
        "cluster_id": 2
      }
    },
    {
      "type": "Feature",
      "id": "WARD_L",
      "geometry": {
        "type": "Polygon",
        "coordinates": [
          [
            [
              72.903,
              19.087
            ],
            [
              72.90148,
              19.09699
            ],
            [
              72.8978,
              19.105
            ],
            [
              72.89272,
              19.11003
            ],
            [
              72.887,
              19.10967
            ],
            [
              72.88205,
              19.10693
            ],
            [
              72.87519,
              19.10668
            ],
            [
              72.87108,
              19.09799
            ],
            [
              72.87272,
              19.087
            ],
            [
              72.87379,
              19.07788
            ],
            [
              72.87685,
              19.07008
            ],
            [
              72.88144,
              19.06463
            ],
            [
              72.887,
              19.05906
            ],
            [
              72.89346,
              19.061
            ],
            [
              72.89628,
              19.07153
            ],
            [
              72.89876,
              19.07888
            ],
            [
              72.903,
              19.087
            ]
          ]
        ]
      },
      "properties": {
        "ward_id": "WARD_L",
        "ward_code": "L",
        "ward_name": "Kurla / Sakinaka",
        "zone": "Zone 5",
        "feature_type": "ward_polygon",
        "area_sqkm": 15.9,
        "hvi_score": 89.1,
        "risk_tier": "Extreme",
        "lst_mean": 39.4,
        "ndvi_mean": 0.09,
        "ndbi_mean": 0.83,
        "pop_density": 56000,
        "cluster_id": 0,
        "cluster_name": "Concrete Thermal Hotspot",
        "is_demo_data": true
      }
    },
    {
      "type": "Feature",
      "geometry": {
        "type": "Point",
        "coordinates": [
          72.887,
          19.087
        ]
      },
      "properties": {
        "ward_id": "WARD_L",
        "ward_code": "L",
        "ward_name": "Kurla / Sakinaka",
        "feature_type": "heat_dot",
        "is_centroid": true,
        "lst_temp": 39.4,
        "hvi_score": 89.1,
        "ndvi": 0.09,
        "ndbi": 0.83,
        "risk_tier": "Extreme",
        "cluster_id": 0
      }
    },
    {
      "type": "Feature",
      "geometry": {
        "type": "Point",
        "coordinates": [
          72.89762,
          19.08461
        ]
      },
      "properties": {
        "ward_id": "WARD_L",
        "ward_code": "L",
        "ward_name": "Kurla / Sakinaka",
        "feature_type": "heat_dot",
        "is_centroid": false,
        "lst_temp": 40.9,
        "hvi_score": 92.4,
        "ndvi": 0.03,
        "ndbi": 0.89,
        "risk_tier": "Extreme",
        "cluster_id": 0
      }
    },
    {
      "type": "Feature",
      "geometry": {
        "type": "Point",
        "coordinates": [
          72.89729,
          19.09061
        ]
      },
      "properties": {
        "ward_id": "WARD_L",
        "ward_code": "L",
        "ward_name": "Kurla / Sakinaka",
        "feature_type": "heat_dot",
        "is_centroid": false,
        "lst_temp": 39.3,
        "hvi_score": 88.8,
        "ndvi": 0.1,
        "ndbi": 0.82,
        "risk_tier": "Extreme",
        "cluster_id": 0
      }
    },
    {
      "type": "Feature",
      "geometry": {
        "type": "Point",
        "coordinates": [
          72.89443,
          19.09639
        ]
      },
      "properties": {
        "ward_id": "WARD_L",
        "ward_code": "L",
        "ward_name": "Kurla / Sakinaka",
        "feature_type": "heat_dot",
        "is_centroid": false,
        "lst_temp": 40.6,
        "hvi_score": 91.8,
        "ndvi": 0.04,
        "ndbi": 0.88,
        "risk_tier": "Extreme",
        "cluster_id": 0
      }
    },
    {
      "type": "Feature",
      "geometry": {
        "type": "Point",
        "coordinates": [
          72.88937,
          19.09227
        ]
      },
      "properties": {
        "ward_id": "WARD_L",
        "ward_code": "L",
        "ward_name": "Kurla / Sakinaka",
        "feature_type": "heat_dot",
        "is_centroid": false,
        "lst_temp": 38.5,
        "hvi_score": 87.0,
        "ndvi": 0.13,
        "ndbi": 0.79,
        "risk_tier": "Extreme",
        "cluster_id": 0
      }
    },
    {
      "type": "Feature",
      "geometry": {
        "type": "Point",
        "coordinates": [
          72.88805,
          19.09782
        ]
      },
      "properties": {
        "ward_id": "WARD_L",
        "ward_code": "L",
        "ward_name": "Kurla / Sakinaka",
        "feature_type": "heat_dot",
        "is_centroid": false,
        "lst_temp": 40.0,
        "hvi_score": 90.5,
        "ndvi": 0.06,
        "ndbi": 0.86,
        "risk_tier": "Extreme",
        "cluster_id": 0
      }
    },
    {
      "type": "Feature",
      "geometry": {
        "type": "Point",
        "coordinates": [
          72.88343,
          19.10428
        ]
      },
      "properties": {
        "ward_id": "WARD_L",
        "ward_code": "L",
        "ward_name": "Kurla / Sakinaka",
        "feature_type": "heat_dot",
        "is_centroid": false,
        "lst_temp": 39.1,
        "hvi_score": 88.4,
        "ndvi": 0.1,
        "ndbi": 0.82,
        "risk_tier": "Extreme",
        "cluster_id": 0
      }
    },
    {
      "type": "Feature",
      "geometry": {
        "type": "Point",
        "coordinates": [
          72.88208,
          19.10071
        ]
      },
      "properties": {
        "ward_id": "WARD_L",
        "ward_code": "L",
        "ward_name": "Kurla / Sakinaka",
        "feature_type": "heat_dot",
        "is_centroid": false,
        "lst_temp": 41.1,
        "hvi_score": 92.9,
        "ndvi": 0.02,
        "ndbi": 0.9,
        "risk_tier": "Extreme",
        "cluster_id": 0
      }
    },
    {
      "type": "Feature",
      "geometry": {
        "type": "Point",
        "coordinates": [
          72.87997,
          19.09426
        ]
      },
      "properties": {
        "ward_id": "WARD_L",
        "ward_code": "L",
        "ward_name": "Kurla / Sakinaka",
        "feature_type": "heat_dot",
        "is_centroid": false,
        "lst_temp": 41.2,
        "hvi_score": 93.1,
        "ndvi": 0.02,
        "ndbi": 0.9,
        "risk_tier": "Extreme",
        "cluster_id": 0
      }
    },
    {
      "type": "Feature",
      "geometry": {
        "type": "Point",
        "coordinates": [
          72.87804,
          19.0912
        ]
      },
      "properties": {
        "ward_id": "WARD_L",
        "ward_code": "L",
        "ward_name": "Kurla / Sakinaka",
        "feature_type": "heat_dot",
        "is_centroid": false,
        "lst_temp": 39.9,
        "hvi_score": 90.2,
        "ndvi": 0.07,
        "ndbi": 0.85,
        "risk_tier": "Extreme",
        "cluster_id": 0
      }
    },
    {
      "type": "Feature",
      "geometry": {
        "type": "Point",
        "coordinates": [
          72.87983,
          19.08669
        ]
      },
      "properties": {
        "ward_id": "WARD_L",
        "ward_code": "L",
        "ward_name": "Kurla / Sakinaka",
        "feature_type": "heat_dot",
        "is_centroid": false,
        "lst_temp": 40.6,
        "hvi_score": 91.6,
        "ndvi": 0.04,
        "ndbi": 0.88,
        "risk_tier": "Extreme",
        "cluster_id": 0
      }
    },
    {
      "type": "Feature",
      "geometry": {
        "type": "Point",
        "coordinates": [
          72.88455,
          19.08546
        ]
      },
      "properties": {
        "ward_id": "WARD_L",
        "ward_code": "L",
        "ward_name": "Kurla / Sakinaka",
        "feature_type": "heat_dot",
        "is_centroid": false,
        "lst_temp": 40.1,
        "hvi_score": 90.7,
        "ndvi": 0.06,
        "ndbi": 0.86,
        "risk_tier": "Extreme",
        "cluster_id": 0
      }
    },
    {
      "type": "Feature",
      "geometry": {
        "type": "Point",
        "coordinates": [
          72.88455,
          19.08282
        ]
      },
      "properties": {
        "ward_id": "WARD_L",
        "ward_code": "L",
        "ward_name": "Kurla / Sakinaka",
        "feature_type": "heat_dot",
        "is_centroid": false,
        "lst_temp": 37.7,
        "hvi_score": 85.4,
        "ndvi": 0.16,
        "ndbi": 0.76,
        "risk_tier": "Extreme",
        "cluster_id": 0
      }
    },
    {
      "type": "Feature",
      "geometry": {
        "type": "Point",
        "coordinates": [
          72.88574,
          19.07028
        ]
      },
      "properties": {
        "ward_id": "WARD_L",
        "ward_code": "L",
        "ward_name": "Kurla / Sakinaka",
        "feature_type": "heat_dot",
        "is_centroid": false,
        "lst_temp": 40.5,
        "hvi_score": 91.6,
        "ndvi": 0.04,
        "ndbi": 0.88,
        "risk_tier": "Extreme",
        "cluster_id": 0
      }
    },
    {
      "type": "Feature",
      "geometry": {
        "type": "Point",
        "coordinates": [
          72.88863,
          19.07191
        ]
      },
      "properties": {
        "ward_id": "WARD_L",
        "ward_code": "L",
        "ward_name": "Kurla / Sakinaka",
        "feature_type": "heat_dot",
        "is_centroid": false,
        "lst_temp": 39.6,
        "hvi_score": 89.6,
        "ndvi": 0.08,
        "ndbi": 0.84,
        "risk_tier": "Extreme",
        "cluster_id": 0
      }
    },
    {
      "type": "Feature",
      "geometry": {
        "type": "Point",
        "coordinates": [
          72.89267,
          19.07187
        ]
      },
      "properties": {
        "ward_id": "WARD_L",
        "ward_code": "L",
        "ward_name": "Kurla / Sakinaka",
        "feature_type": "heat_dot",
        "is_centroid": false,
        "lst_temp": 40.2,
        "hvi_score": 90.8,
        "ndvi": 0.06,
        "ndbi": 0.86,
        "risk_tier": "Extreme",
        "cluster_id": 0
      }
    },
    {
      "type": "Feature",
      "geometry": {
        "type": "Point",
        "coordinates": [
          72.89226,
          19.07814
        ]
      },
      "properties": {
        "ward_id": "WARD_L",
        "ward_code": "L",
        "ward_name": "Kurla / Sakinaka",
        "feature_type": "heat_dot",
        "is_centroid": false,
        "lst_temp": 39.2,
        "hvi_score": 88.7,
        "ndvi": 0.1,
        "ndbi": 0.82,
        "risk_tier": "Extreme",
        "cluster_id": 0
      }
    },
    {
      "type": "Feature",
      "geometry": {
        "type": "Point",
        "coordinates": [
          72.89443,
          19.08352
        ]
      },
      "properties": {
        "ward_id": "WARD_L",
        "ward_code": "L",
        "ward_name": "Kurla / Sakinaka",
        "feature_type": "heat_dot",
        "is_centroid": false,
        "lst_temp": 39.6,
        "hvi_score": 89.5,
        "ndvi": 0.08,
        "ndbi": 0.84,
        "risk_tier": "Extreme",
        "cluster_id": 0
      }
    },
    {
      "type": "Feature",
      "id": "WARD_M_EAST",
      "geometry": {
        "type": "Polygon",
        "coordinates": [
          [
            [
              72.95379,
              19.027
            ],
            [
              72.95182,
              19.04141
            ],
            [
              72.94359,
              19.05219
            ],
            [
              72.9339,
              19.06051
            ],
            [
              72.922,
              19.05907
            ],
            [
              72.91214,
              19.05476
            ],
            [
              72.89701,
              19.05615
            ],
            [
              72.8895,
              19.04271
            ],
            [
              72.89514,
              19.027
            ],
            [
              72.89655,
              19.0147
            ],
            [
              72.90114,
              19.00267
            ],
            [
              72.9104,
              18.99434
            ],
            [
              72.922,
              18.98914
            ],
            [
              72.93506,
              18.99022
            ],
            [
              72.94094,
              19.0049
            ],
            [
              72.94689,
              19.01497
            ],
            [
              72.95379,
              19.027
            ]
          ]
        ]
      },
      "properties": {
        "ward_id": "WARD_M_EAST",
        "ward_code": "M/E",
        "ward_name": "Govandi / Trombay / Mankhurd",
        "zone": "Zone 5",
        "feature_type": "ward_polygon",
        "area_sqkm": 32.5,
        "hvi_score": 83.7,
        "risk_tier": "Extreme",
        "lst_mean": 38.9,
        "ndvi_mean": 0.12,
        "ndbi_mean": 0.79,
        "pop_density": 28000,
        "cluster_id": 0,
        "cluster_name": "Concrete Thermal Hotspot",
        "is_demo_data": true
      }
    },
    {
      "type": "Feature",
      "geometry": {
        "type": "Point",
        "coordinates": [
          72.922,
          19.027
        ]
      },
      "properties": {
        "ward_id": "WARD_M_EAST",
        "ward_code": "M/E",
        "ward_name": "Govandi / Trombay / Mankhurd",
        "feature_type": "heat_dot",
        "is_centroid": true,
        "lst_temp": 38.9,
        "hvi_score": 83.7,
        "ndvi": 0.12,
        "ndbi": 0.79,
        "risk_tier": "Extreme",
        "cluster_id": 0
      }
    },
    {
      "type": "Feature",
      "geometry": {
        "type": "Point",
        "coordinates": [
          72.94227,
          19.02725
        ]
      },
      "properties": {
        "ward_id": "WARD_M_EAST",
        "ward_code": "M/E",
        "ward_name": "Govandi / Trombay / Mankhurd",
        "feature_type": "heat_dot",
        "is_centroid": false,
        "lst_temp": 38.2,
        "hvi_score": 82.2,
        "ndvi": 0.15,
        "ndbi": 0.76,
        "risk_tier": "Extreme",
        "cluster_id": 0
      }
    },
    {
      "type": "Feature",
      "geometry": {
        "type": "Point",
        "coordinates": [
          72.93678,
          19.03416
        ]
      },
      "properties": {
        "ward_id": "WARD_M_EAST",
        "ward_code": "M/E",
        "ward_name": "Govandi / Trombay / Mankhurd",
        "feature_type": "heat_dot",
        "is_centroid": false,
        "lst_temp": 39.0,
        "hvi_score": 84.0,
        "ndvi": 0.12,
        "ndbi": 0.79,
        "risk_tier": "Extreme",
        "cluster_id": 0
      }
    },
    {
      "type": "Feature",
      "geometry": {
        "type": "Point",
        "coordinates": [
          72.93796,
          19.0384
        ]
      },
      "properties": {
        "ward_id": "WARD_M_EAST",
        "ward_code": "M/E",
        "ward_name": "Govandi / Trombay / Mankhurd",
        "feature_type": "heat_dot",
        "is_centroid": false,
        "lst_temp": 39.4,
        "hvi_score": 84.7,
        "ndvi": 0.1,
        "ndbi": 0.81,
        "risk_tier": "Extreme",
        "cluster_id": 0
      }
    },
    {
      "type": "Feature",
      "geometry": {
        "type": "Point",
        "coordinates": [
          72.92617,
          19.04251
        ]
      },
      "properties": {
        "ward_id": "WARD_M_EAST",
        "ward_code": "M/E",
        "ward_name": "Govandi / Trombay / Mankhurd",
        "feature_type": "heat_dot",
        "is_centroid": false,
        "lst_temp": 39.1,
        "hvi_score": 84.1,
        "ndvi": 0.11,
        "ndbi": 0.8,
        "risk_tier": "Extreme",
        "cluster_id": 0
      }
    },
    {
      "type": "Feature",
      "geometry": {
        "type": "Point",
        "coordinates": [
          72.92259,
          19.03919
        ]
      },
      "properties": {
        "ward_id": "WARD_M_EAST",
        "ward_code": "M/E",
        "ward_name": "Govandi / Trombay / Mankhurd",
        "feature_type": "heat_dot",
        "is_centroid": false,
        "lst_temp": 39.7,
        "hvi_score": 85.5,
        "ndvi": 0.09,
        "ndbi": 0.82,
        "risk_tier": "Extreme",
        "cluster_id": 0
      }
    },
    {
      "type": "Feature",
      "geometry": {
        "type": "Point",
        "coordinates": [
          72.91961,
          19.03308
        ]
      },
      "properties": {
        "ward_id": "WARD_M_EAST",
        "ward_code": "M/E",
        "ward_name": "Govandi / Trombay / Mankhurd",
        "feature_type": "heat_dot",
        "is_centroid": false,
        "lst_temp": 37.1,
        "hvi_score": 79.8,
        "ndvi": 0.19,
        "ndbi": 0.72,
        "risk_tier": "Extreme",
        "cluster_id": 0
      }
    },
    {
      "type": "Feature",
      "geometry": {
        "type": "Point",
        "coordinates": [
          72.9166,
          19.03571
        ]
      },
      "properties": {
        "ward_id": "WARD_M_EAST",
        "ward_code": "M/E",
        "ward_name": "Govandi / Trombay / Mankhurd",
        "feature_type": "heat_dot",
        "is_centroid": false,
        "lst_temp": 38.8,
        "hvi_score": 83.4,
        "ndvi": 0.13,
        "ndbi": 0.78,
        "risk_tier": "Extreme",
        "cluster_id": 0
      }
    },
    {
      "type": "Feature",
      "geometry": {
        "type": "Point",
        "coordinates": [
          72.91587,
          19.03234
        ]
      },
      "properties": {
        "ward_id": "WARD_M_EAST",
        "ward_code": "M/E",
        "ward_name": "Govandi / Trombay / Mankhurd",
        "feature_type": "heat_dot",
        "is_centroid": false,
        "lst_temp": 37.3,
        "hvi_score": 80.2,
        "ndvi": 0.18,
        "ndbi": 0.73,
        "risk_tier": "Extreme",
        "cluster_id": 0
      }
    },
    {
      "type": "Feature",
      "geometry": {
        "type": "Point",
        "coordinates": [
          72.90009,
          19.03072
        ]
      },
      "properties": {
        "ward_id": "WARD_M_EAST",
        "ward_code": "M/E",
        "ward_name": "Govandi / Trombay / Mankhurd",
        "feature_type": "heat_dot",
        "is_centroid": false,
        "lst_temp": 37.5,
        "hvi_score": 80.5,
        "ndvi": 0.18,
        "ndbi": 0.73,
        "risk_tier": "Extreme",
        "cluster_id": 0
      }
    },
    {
      "type": "Feature",
      "geometry": {
        "type": "Point",
        "coordinates": [
          72.90289,
          19.02289
        ]
      },
      "properties": {
        "ward_id": "WARD_M_EAST",
        "ward_code": "M/E",
        "ward_name": "Govandi / Trombay / Mankhurd",
        "feature_type": "heat_dot",
        "is_centroid": false,
        "lst_temp": 38.1,
        "hvi_score": 81.9,
        "ndvi": 0.15,
        "ndbi": 0.76,
        "risk_tier": "Extreme",
        "cluster_id": 0
      }
    },
    {
      "type": "Feature",
      "geometry": {
        "type": "Point",
        "coordinates": [
          72.91756,
          19.02415
        ]
      },
      "properties": {
        "ward_id": "WARD_M_EAST",
        "ward_code": "M/E",
        "ward_name": "Govandi / Trombay / Mankhurd",
        "feature_type": "heat_dot",
        "is_centroid": false,
        "lst_temp": 37.5,
        "hvi_score": 80.5,
        "ndvi": 0.18,
        "ndbi": 0.73,
        "risk_tier": "Extreme",
        "cluster_id": 0
      }
    },
    {
      "type": "Feature",
      "geometry": {
        "type": "Point",
        "coordinates": [
          72.91048,
          19.01168
        ]
      },
      "properties": {
        "ward_id": "WARD_M_EAST",
        "ward_code": "M/E",
        "ward_name": "Govandi / Trombay / Mankhurd",
        "feature_type": "heat_dot",
        "is_centroid": false,
        "lst_temp": 37.7,
        "hvi_score": 81.0,
        "ndvi": 0.17,
        "ndbi": 0.74,
        "risk_tier": "Extreme",
        "cluster_id": 0
      }
    },
    {
      "type": "Feature",
      "geometry": {
        "type": "Point",
        "coordinates": [
          72.9185,
          19.00702
        ]
      },
      "properties": {
        "ward_id": "WARD_M_EAST",
        "ward_code": "M/E",
        "ward_name": "Govandi / Trombay / Mankhurd",
        "feature_type": "heat_dot",
        "is_centroid": false,
        "lst_temp": 40.0,
        "hvi_score": 86.0,
        "ndvi": 0.08,
        "ndbi": 0.83,
        "risk_tier": "Extreme",
        "cluster_id": 0
      }
    },
    {
      "type": "Feature",
      "geometry": {
        "type": "Point",
        "coordinates": [
          72.92766,
          19.00499
        ]
      },
      "properties": {
        "ward_id": "WARD_M_EAST",
        "ward_code": "M/E",
        "ward_name": "Govandi / Trombay / Mankhurd",
        "feature_type": "heat_dot",
        "is_centroid": false,
        "lst_temp": 37.3,
        "hvi_score": 80.1,
        "ndvi": 0.19,
        "ndbi": 0.72,
        "risk_tier": "Extreme",
        "cluster_id": 0
      }
    },
    {
      "type": "Feature",
      "geometry": {
        "type": "Point",
        "coordinates": [
          72.92697,
          19.01702
        ]
      },
      "properties": {
        "ward_id": "WARD_M_EAST",
        "ward_code": "M/E",
        "ward_name": "Govandi / Trombay / Mankhurd",
        "feature_type": "heat_dot",
        "is_centroid": false,
        "lst_temp": 39.7,
        "hvi_score": 85.5,
        "ndvi": 0.09,
        "ndbi": 0.82,
        "risk_tier": "Extreme",
        "cluster_id": 0
      }
    },
    {
      "type": "Feature",
      "geometry": {
        "type": "Point",
        "coordinates": [
          72.93259,
          19.01299
        ]
      },
      "properties": {
        "ward_id": "WARD_M_EAST",
        "ward_code": "M/E",
        "ward_name": "Govandi / Trombay / Mankhurd",
        "feature_type": "heat_dot",
        "is_centroid": false,
        "lst_temp": 39.1,
        "hvi_score": 84.1,
        "ndvi": 0.11,
        "ndbi": 0.8,
        "risk_tier": "Extreme",
        "cluster_id": 0
      }
    },
    {
      "type": "Feature",
      "geometry": {
        "type": "Point",
        "coordinates": [
          72.93364,
          19.02158
        ]
      },
      "properties": {
        "ward_id": "WARD_M_EAST",
        "ward_code": "M/E",
        "ward_name": "Govandi / Trombay / Mankhurd",
        "feature_type": "heat_dot",
        "is_centroid": false,
        "lst_temp": 39.0,
        "hvi_score": 84.0,
        "ndvi": 0.11,
        "ndbi": 0.8,
        "risk_tier": "Extreme",
        "cluster_id": 0
      }
    },
    {
      "type": "Feature",
      "id": "WARD_M_WEST",
      "geometry": {
        "type": "Polygon",
        "coordinates": [
          [
            [
              72.91287,
              19.052
            ],
            [
              72.91176,
              19.06015
            ],
            [
              72.90808,
              19.06678
            ],
            [
              72.90278,
              19.07062
            ],
            [
              72.897,
              19.06998
            ],
            [
              72.89208,
              19.06784
            ],
            [
              72.88463,
              19.06849
            ],
            [
              72.88102,
              19.06083
            ],
            [
              72.88288,
              19.052
            ],
            [
              72.88446,
              19.04507
            ],
            [
              72.88657,
              19.03809
            ],
            [
              72.89133,
              19.03376
            ],
            [
              72.897,
              19.02959
            ],
            [
              72.90347,
              19.03117
            ],
            [
              72.90616,
              19.03978
            ],
            [
              72.90842,
              19.04569
            ],
            [
              72.91287,
              19.052
            ]
          ]
        ]
      },
      "properties": {
        "ward_id": "WARD_M_WEST",
        "ward_code": "M/W",
        "ward_name": "Chembur",
        "zone": "Zone 5",
        "feature_type": "ward_polygon",
        "area_sqkm": 19.5,
        "hvi_score": 61.4,
        "risk_tier": "High",
        "lst_mean": 36.2,
        "ndvi_mean": 0.23,
        "ndbi_mean": 0.64,
        "pop_density": 21000,
        "cluster_id": 0,
        "cluster_name": "Concrete Thermal Hotspot",
        "is_demo_data": true
      }
    },
    {
      "type": "Feature",
      "geometry": {
        "type": "Point",
        "coordinates": [
          72.897,
          19.052
        ]
      },
      "properties": {
        "ward_id": "WARD_M_WEST",
        "ward_code": "M/W",
        "ward_name": "Chembur",
        "feature_type": "heat_dot",
        "is_centroid": true,
        "lst_temp": 36.2,
        "hvi_score": 61.4,
        "ndvi": 0.23,
        "ndbi": 0.64,
        "risk_tier": "High",
        "cluster_id": 0
      }
    },
    {
      "type": "Feature",
      "geometry": {
        "type": "Point",
        "coordinates": [
          72.89954,
          19.05195
        ]
      },
      "properties": {
        "ward_id": "WARD_M_WEST",
        "ward_code": "M/W",
        "ward_name": "Chembur",
        "feature_type": "heat_dot",
        "is_centroid": false,
        "lst_temp": 34.7,
        "hvi_score": 58.0,
        "ndvi": 0.29,
        "ndbi": 0.58,
        "risk_tier": "High",
        "cluster_id": 0
      }
    },
    {
      "type": "Feature",
      "geometry": {
        "type": "Point",
        "coordinates": [
          72.90214,
          19.05393
        ]
      },
      "properties": {
        "ward_id": "WARD_M_WEST",
        "ward_code": "M/W",
        "ward_name": "Chembur",
        "feature_type": "heat_dot",
        "is_centroid": false,
        "lst_temp": 36.4,
        "hvi_score": 61.9,
        "ndvi": 0.22,
        "ndbi": 0.65,
        "risk_tier": "High",
        "cluster_id": 0
      }
    },
    {
      "type": "Feature",
      "geometry": {
        "type": "Point",
        "coordinates": [
          72.90296,
          19.05844
        ]
      },
      "properties": {
        "ward_id": "WARD_M_WEST",
        "ward_code": "M/W",
        "ward_name": "Chembur",
        "feature_type": "heat_dot",
        "is_centroid": false,
        "lst_temp": 36.7,
        "hvi_score": 62.5,
        "ndvi": 0.21,
        "ndbi": 0.66,
        "risk_tier": "High",
        "cluster_id": 0
      }
    },
    {
      "type": "Feature",
      "geometry": {
        "type": "Point",
        "coordinates": [
          72.90136,
          19.06532
        ]
      },
      "properties": {
        "ward_id": "WARD_M_WEST",
        "ward_code": "M/W",
        "ward_name": "Chembur",
        "feature_type": "heat_dot",
        "is_centroid": false,
        "lst_temp": 36.9,
        "hvi_score": 62.9,
        "ndvi": 0.2,
        "ndbi": 0.67,
        "risk_tier": "High",
        "cluster_id": 0
      }
    },
    {
      "type": "Feature",
      "geometry": {
        "type": "Point",
        "coordinates": [
          72.89859,
          19.06334
        ]
      },
      "properties": {
        "ward_id": "WARD_M_WEST",
        "ward_code": "M/W",
        "ward_name": "Chembur",
        "feature_type": "heat_dot",
        "is_centroid": false,
        "lst_temp": 37.5,
        "hvi_score": 64.3,
        "ndvi": 0.18,
        "ndbi": 0.69,
        "risk_tier": "High",
        "cluster_id": 0
      }
    },
    {
      "type": "Feature",
      "geometry": {
        "type": "Point",
        "coordinates": [
          72.89455,
          19.06092
        ]
      },
      "properties": {
        "ward_id": "WARD_M_WEST",
        "ward_code": "M/W",
        "ward_name": "Chembur",
        "feature_type": "heat_dot",
        "is_centroid": false,
        "lst_temp": 37.4,
        "hvi_score": 64.0,
        "ndvi": 0.18,
        "ndbi": 0.69,
        "risk_tier": "High",
        "cluster_id": 0
      }
    },
    {
      "type": "Feature",
      "geometry": {
        "type": "Point",
        "coordinates": [
          72.89236,
          19.06159
        ]
      },
      "properties": {
        "ward_id": "WARD_M_WEST",
        "ward_code": "M/W",
        "ward_name": "Chembur",
        "feature_type": "heat_dot",
        "is_centroid": false,
        "lst_temp": 35.7,
        "hvi_score": 60.4,
        "ndvi": 0.25,
        "ndbi": 0.62,
        "risk_tier": "High",
        "cluster_id": 0
      }
    },
    {
      "type": "Feature",
      "geometry": {
        "type": "Point",
        "coordinates": [
          72.88851,
          19.05827
        ]
      },
      "properties": {
        "ward_id": "WARD_M_WEST",
        "ward_code": "M/W",
        "ward_name": "Chembur",
        "feature_type": "heat_dot",
        "is_centroid": false,
        "lst_temp": 37.9,
        "hvi_score": 65.2,
        "ndvi": 0.16,
        "ndbi": 0.71,
        "risk_tier": "High",
        "cluster_id": 0
      }
    },
    {
      "type": "Feature",
      "geometry": {
        "type": "Point",
        "coordinates": [
          72.89385,
          19.05344
        ]
      },
      "properties": {
        "ward_id": "WARD_M_WEST",
        "ward_code": "M/W",
        "ward_name": "Chembur",
        "feature_type": "heat_dot",
        "is_centroid": false,
        "lst_temp": 37.1,
        "hvi_score": 63.3,
        "ndvi": 0.2,
        "ndbi": 0.67,
        "risk_tier": "High",
        "cluster_id": 0
      }
    },
    {
      "type": "Feature",
      "geometry": {
        "type": "Point",
        "coordinates": [
          72.88944,
          19.04925
        ]
      },
      "properties": {
        "ward_id": "WARD_M_WEST",
        "ward_code": "M/W",
        "ward_name": "Chembur",
        "feature_type": "heat_dot",
        "is_centroid": false,
        "lst_temp": 36.4,
        "hvi_score": 61.7,
        "ndvi": 0.22,
        "ndbi": 0.65,
        "risk_tier": "High",
        "cluster_id": 0
      }
    },
    {
      "type": "Feature",
      "geometry": {
        "type": "Point",
        "coordinates": [
          72.89451,
          19.05016
        ]
      },
      "properties": {
        "ward_id": "WARD_M_WEST",
        "ward_code": "M/W",
        "ward_name": "Chembur",
        "feature_type": "heat_dot",
        "is_centroid": false,
        "lst_temp": 36.2,
        "hvi_score": 61.3,
        "ndvi": 0.23,
        "ndbi": 0.64,
        "risk_tier": "High",
        "cluster_id": 0
      }
    },
    {
      "type": "Feature",
      "geometry": {
        "type": "Point",
        "coordinates": [
          72.89239,
          19.0415
        ]
      },
      "properties": {
        "ward_id": "WARD_M_WEST",
        "ward_code": "M/W",
        "ward_name": "Chembur",
        "feature_type": "heat_dot",
        "is_centroid": false,
        "lst_temp": 36.1,
        "hvi_score": 61.2,
        "ndvi": 0.23,
        "ndbi": 0.64,
        "risk_tier": "High",
        "cluster_id": 0
      }
    },
    {
      "type": "Feature",
      "geometry": {
        "type": "Point",
        "coordinates": [
          72.89555,
          19.04609
        ]
      },
      "properties": {
        "ward_id": "WARD_M_WEST",
        "ward_code": "M/W",
        "ward_name": "Chembur",
        "feature_type": "heat_dot",
        "is_centroid": false,
        "lst_temp": 36.7,
        "hvi_score": 62.4,
        "ndvi": 0.21,
        "ndbi": 0.66,
        "risk_tier": "High",
        "cluster_id": 0
      }
    },
    {
      "type": "Feature",
      "geometry": {
        "type": "Point",
        "coordinates": [
          72.89781,
          19.04122
        ]
      },
      "properties": {
        "ward_id": "WARD_M_WEST",
        "ward_code": "M/W",
        "ward_name": "Chembur",
        "feature_type": "heat_dot",
        "is_centroid": false,
        "lst_temp": 36.7,
        "hvi_score": 62.4,
        "ndvi": 0.21,
        "ndbi": 0.66,
        "risk_tier": "High",
        "cluster_id": 0
      }
    },
    {
      "type": "Feature",
      "geometry": {
        "type": "Point",
        "coordinates": [
          72.89954,
          19.0444
        ]
      },
      "properties": {
        "ward_id": "WARD_M_WEST",
        "ward_code": "M/W",
        "ward_name": "Chembur",
        "feature_type": "heat_dot",
        "is_centroid": false,
        "lst_temp": 36.9,
        "hvi_score": 63.0,
        "ndvi": 0.2,
        "ndbi": 0.67,
        "risk_tier": "High",
        "cluster_id": 0
      }
    },
    {
      "type": "Feature",
      "geometry": {
        "type": "Point",
        "coordinates": [
          72.90121,
          19.04445
        ]
      },
      "properties": {
        "ward_id": "WARD_M_WEST",
        "ward_code": "M/W",
        "ward_name": "Chembur",
        "feature_type": "heat_dot",
        "is_centroid": false,
        "lst_temp": 36.8,
        "hvi_score": 62.8,
        "ndvi": 0.21,
        "ndbi": 0.66,
        "risk_tier": "High",
        "cluster_id": 0
      }
    },
    {
      "type": "Feature",
      "geometry": {
        "type": "Point",
        "coordinates": [
          72.9028,
          19.04797
        ]
      },
      "properties": {
        "ward_id": "WARD_M_WEST",
        "ward_code": "M/W",
        "ward_name": "Chembur",
        "feature_type": "heat_dot",
        "is_centroid": false,
        "lst_temp": 36.2,
        "hvi_score": 61.4,
        "ndvi": 0.23,
        "ndbi": 0.64,
        "risk_tier": "High",
        "cluster_id": 0
      }
    },
    {
      "type": "Feature",
      "id": "WARD_N",
      "geometry": {
        "type": "Polygon",
        "coordinates": [
          [
            [
              72.93436,
              19.097
            ],
            [
              72.93132,
              19.107
            ],
            [
              72.92689,
              19.11561
            ],
            [
              72.91991,
              19.12086
            ],
            [
              72.912,
              19.11888
            ],
            [
              72.90496,
              19.11824
            ],
            [
              72.89535,
              19.11782
            ],
            [
              72.89117,
              19.10779
            ],
            [
              72.8928,
              19.097
            ],
            [
              72.89558,
              19.0885
            ],
            [
              72.8983,
              19.07988
            ],
            [
              72.90431,
              19.07381
            ],
            [
              72.912,
              19.06926
            ],
            [
              72.92038,
              19.0717
            ],
            [
              72.92389,
              19.08214
            ],
            [
              72.92821,
              19.08861
            ],
            [
              72.93436,
              19.097
            ]
          ]
        ]
      },
      "properties": {
        "ward_id": "WARD_N",
        "ward_code": "N",
        "ward_name": "Ghatkopar / Vidyavihar",
        "zone": "Zone 6",
        "feature_type": "ward_polygon",
        "area_sqkm": 25.0,
        "hvi_score": 67.2,
        "risk_tier": "High",
        "lst_mean": 37.0,
        "ndvi_mean": 0.2,
        "ndbi_mean": 0.68,
        "pop_density": 26000,
        "cluster_id": 0,
        "cluster_name": "Concrete Thermal Hotspot",
        "is_demo_data": true
      }
    },
    {
      "type": "Feature",
      "geometry": {
        "type": "Point",
        "coordinates": [
          72.912,
          19.097
        ]
      },
      "properties": {
        "ward_id": "WARD_N",
        "ward_code": "N",
        "ward_name": "Ghatkopar / Vidyavihar",
        "feature_type": "heat_dot",
        "is_centroid": true,
        "lst_temp": 37.0,
        "hvi_score": 67.2,
        "ndvi": 0.2,
        "ndbi": 0.68,
        "risk_tier": "High",
        "cluster_id": 0
      }
    },
    {
      "type": "Feature",
      "geometry": {
        "type": "Point",
        "coordinates": [
          72.92622,
          19.09923
        ]
      },
      "properties": {
        "ward_id": "WARD_N",
        "ward_code": "N",
        "ward_name": "Ghatkopar / Vidyavihar",
        "feature_type": "heat_dot",
        "is_centroid": false,
        "lst_temp": 38.7,
        "hvi_score": 71.0,
        "ndvi": 0.13,
        "ndbi": 0.75,
        "risk_tier": "High",
        "cluster_id": 0
      }
    },
    {
      "type": "Feature",
      "geometry": {
        "type": "Point",
        "coordinates": [
          72.91732,
          19.09928
        ]
      },
      "properties": {
        "ward_id": "WARD_N",
        "ward_code": "N",
        "ward_name": "Ghatkopar / Vidyavihar",
        "feature_type": "heat_dot",
        "is_centroid": false,
        "lst_temp": 36.8,
        "hvi_score": 66.7,
        "ndvi": 0.21,
        "ndbi": 0.67,
        "risk_tier": "High",
        "cluster_id": 0
      }
    },
    {
      "type": "Feature",
      "geometry": {
        "type": "Point",
        "coordinates": [
          72.92263,
          19.10625
        ]
      },
      "properties": {
        "ward_id": "WARD_N",
        "ward_code": "N",
        "ward_name": "Ghatkopar / Vidyavihar",
        "feature_type": "heat_dot",
        "is_centroid": false,
        "lst_temp": 36.3,
        "hvi_score": 65.7,
        "ndvi": 0.23,
        "ndbi": 0.65,
        "risk_tier": "High",
        "cluster_id": 0
      }
    },
    {
      "type": "Feature",
      "geometry": {
        "type": "Point",
        "coordinates": [
          72.91491,
          19.10219
        ]
      },
      "properties": {
        "ward_id": "WARD_N",
        "ward_code": "N",
        "ward_name": "Ghatkopar / Vidyavihar",
        "feature_type": "heat_dot",
        "is_centroid": false,
        "lst_temp": 38.4,
        "hvi_score": 70.3,
        "ndvi": 0.14,
        "ndbi": 0.74,
        "risk_tier": "High",
        "cluster_id": 0
      }
    },
    {
      "type": "Feature",
      "geometry": {
        "type": "Point",
        "coordinates": [
          72.91365,
          19.1128
        ]
      },
      "properties": {
        "ward_id": "WARD_N",
        "ward_code": "N",
        "ward_name": "Ghatkopar / Vidyavihar",
        "feature_type": "heat_dot",
        "is_centroid": false,
        "lst_temp": 38.5,
        "hvi_score": 70.5,
        "ndvi": 0.14,
        "ndbi": 0.74,
        "risk_tier": "High",
        "cluster_id": 0
      }
    },
    {
      "type": "Feature",
      "geometry": {
        "type": "Point",
        "coordinates": [
          72.90904,
          19.10486
        ]
      },
      "properties": {
        "ward_id": "WARD_N",
        "ward_code": "N",
        "ward_name": "Ghatkopar / Vidyavihar",
        "feature_type": "heat_dot",
        "is_centroid": false,
        "lst_temp": 38.6,
        "hvi_score": 70.7,
        "ndvi": 0.14,
        "ndbi": 0.74,
        "risk_tier": "High",
        "cluster_id": 0
      }
    },
    {
      "type": "Feature",
      "geometry": {
        "type": "Point",
        "coordinates": [
          72.90336,
          19.10966
        ]
      },
      "properties": {
        "ward_id": "WARD_N",
        "ward_code": "N",
        "ward_name": "Ghatkopar / Vidyavihar",
        "feature_type": "heat_dot",
        "is_centroid": false,
        "lst_temp": 37.5,
        "hvi_score": 68.3,
        "ndvi": 0.18,
        "ndbi": 0.7,
        "risk_tier": "High",
        "cluster_id": 0
      }
    },
    {
      "type": "Feature",
      "geometry": {
        "type": "Point",
        "coordinates": [
          72.90201,
          19.10371
        ]
      },
      "properties": {
        "ward_id": "WARD_N",
        "ward_code": "N",
        "ward_name": "Ghatkopar / Vidyavihar",
        "feature_type": "heat_dot",
        "is_centroid": false,
        "lst_temp": 36.1,
        "hvi_score": 65.2,
        "ndvi": 0.24,
        "ndbi": 0.64,
        "risk_tier": "High",
        "cluster_id": 0
      }
    },
    {
      "type": "Feature",
      "geometry": {
        "type": "Point",
        "coordinates": [
          72.90188,
          19.10202
        ]
      },
      "properties": {
        "ward_id": "WARD_N",
        "ward_code": "N",
        "ward_name": "Ghatkopar / Vidyavihar",
        "feature_type": "heat_dot",
        "is_centroid": false,
        "lst_temp": 38.3,
        "hvi_score": 70.1,
        "ndvi": 0.15,
        "ndbi": 0.73,
        "risk_tier": "High",
        "cluster_id": 0
      }
    },
    {
      "type": "Feature",
      "geometry": {
        "type": "Point",
        "coordinates": [
          72.90441,
          19.09318
        ]
      },
      "properties": {
        "ward_id": "WARD_N",
        "ward_code": "N",
        "ward_name": "Ghatkopar / Vidyavihar",
        "feature_type": "heat_dot",
        "is_centroid": false,
        "lst_temp": 36.8,
        "hvi_score": 66.7,
        "ndvi": 0.21,
        "ndbi": 0.67,
        "risk_tier": "High",
        "cluster_id": 0
      }
    },
    {
      "type": "Feature",
      "geometry": {
        "type": "Point",
        "coordinates": [
          72.9039,
          19.0899
        ]
      },
      "properties": {
        "ward_id": "WARD_N",
        "ward_code": "N",
        "ward_name": "Ghatkopar / Vidyavihar",
        "feature_type": "heat_dot",
        "is_centroid": false,
        "lst_temp": 38.0,
        "hvi_score": 69.3,
        "ndvi": 0.16,
        "ndbi": 0.72,
        "risk_tier": "High",
        "cluster_id": 0
      }
    },
    {
      "type": "Feature",
      "geometry": {
        "type": "Point",
        "coordinates": [
          72.90961,
          19.0928
        ]
      },
      "properties": {
        "ward_id": "WARD_N",
        "ward_code": "N",
        "ward_name": "Ghatkopar / Vidyavihar",
        "feature_type": "heat_dot",
        "is_centroid": false,
        "lst_temp": 37.9,
        "hvi_score": 69.2,
        "ndvi": 0.16,
        "ndbi": 0.72,
        "risk_tier": "High",
        "cluster_id": 0
      }
    },
    {
      "type": "Feature",
      "geometry": {
        "type": "Point",
        "coordinates": [
          72.91016,
          19.08009
        ]
      },
      "properties": {
        "ward_id": "WARD_N",
        "ward_code": "N",
        "ward_name": "Ghatkopar / Vidyavihar",
        "feature_type": "heat_dot",
        "is_centroid": false,
        "lst_temp": 38.2,
        "hvi_score": 69.9,
        "ndvi": 0.15,
        "ndbi": 0.73,
        "risk_tier": "High",
        "cluster_id": 0
      }
    },
    {
      "type": "Feature",
      "geometry": {
        "type": "Point",
        "coordinates": [
          72.91188,
          19.08686
        ]
      },
      "properties": {
        "ward_id": "WARD_N",
        "ward_code": "N",
        "ward_name": "Ghatkopar / Vidyavihar",
        "feature_type": "heat_dot",
        "is_centroid": false,
        "lst_temp": 35.6,
        "hvi_score": 64.1,
        "ndvi": 0.26,
        "ndbi": 0.62,
        "risk_tier": "High",
        "cluster_id": 0
      }
    },
    {
      "type": "Feature",
      "geometry": {
        "type": "Point",
        "coordinates": [
          72.9163,
          19.08136
        ]
      },
      "properties": {
        "ward_id": "WARD_N",
        "ward_code": "N",
        "ward_name": "Ghatkopar / Vidyavihar",
        "feature_type": "heat_dot",
        "is_centroid": false,
        "lst_temp": 37.0,
        "hvi_score": 67.2,
        "ndvi": 0.2,
        "ndbi": 0.68,
        "risk_tier": "High",
        "cluster_id": 0
      }
    },
    {
      "type": "Feature",
      "geometry": {
        "type": "Point",
        "coordinates": [
          72.92192,
          19.0885
        ]
      },
      "properties": {
        "ward_id": "WARD_N",
        "ward_code": "N",
        "ward_name": "Ghatkopar / Vidyavihar",
        "feature_type": "heat_dot",
        "is_centroid": false,
        "lst_temp": 38.5,
        "hvi_score": 70.5,
        "ndvi": 0.14,
        "ndbi": 0.74,
        "risk_tier": "High",
        "cluster_id": 0
      }
    },
    {
      "type": "Feature",
      "geometry": {
        "type": "Point",
        "coordinates": [
          72.9172,
          19.09563
        ]
      },
      "properties": {
        "ward_id": "WARD_N",
        "ward_code": "N",
        "ward_name": "Ghatkopar / Vidyavihar",
        "feature_type": "heat_dot",
        "is_centroid": false,
        "lst_temp": 35.7,
        "hvi_score": 64.4,
        "ndvi": 0.25,
        "ndbi": 0.63,
        "risk_tier": "High",
        "cluster_id": 0
      }
    },
    {
      "type": "Feature",
      "id": "WARD_P_SOUTH",
      "geometry": {
        "type": "Polygon",
        "coordinates": [
          [
            [
              72.87399,
              19.162
            ],
            [
              72.87231,
              19.17039
            ],
            [
              72.86538,
              19.17671
            ],
            [
              72.85688,
              19.18108
            ],
            [
              72.847,
              19.18011
            ],
            [
              72.83832,
              19.17877
            ],
            [
              72.82711,
              19.17791
            ],
            [
              72.81994,
              19.17097
            ],
            [
              72.8245,
              19.162
            ],
            [
              72.82504,
              19.15472
            ],
            [
              72.82916,
              19.14773
            ],
            [
              72.83804,
              19.1447
            ],
            [
              72.847,
              19.13913
            ],
            [
              72.85803,
              19.14069
            ],
            [
              72.86237,
              19.1497
            ],
            [
              72.8665,
              19.15554
            ],
            [
              72.87399,
              19.162
            ]
          ]
        ]
      },
      "properties": {
        "ward_id": "WARD_P_SOUTH",
        "ward_code": "P/S",
        "ward_name": "Goregaon",
        "zone": "Zone 4",
        "feature_type": "ward_polygon",
        "area_sqkm": 24.0,
        "hvi_score": 45.0,
        "risk_tier": "Moderate",
        "lst_mean": 34.2,
        "ndvi_mean": 0.35,
        "ndbi_mean": 0.5,
        "pop_density": 19000,
        "cluster_id": 1,
        "cluster_name": "Vegetated Thermal Buffer",
        "is_demo_data": true
      }
    },
    {
      "type": "Feature",
      "geometry": {
        "type": "Point",
        "coordinates": [
          72.847,
          19.162
        ]
      },
      "properties": {
        "ward_id": "WARD_P_SOUTH",
        "ward_code": "P/S",
        "ward_name": "Goregaon",
        "feature_type": "heat_dot",
        "is_centroid": true,
        "lst_temp": 34.2,
        "hvi_score": 45.0,
        "ndvi": 0.35,
        "ndbi": 0.5,
        "risk_tier": "Moderate",
        "cluster_id": 1
      }
    },
    {
      "type": "Feature",
      "geometry": {
        "type": "Point",
        "coordinates": [
          72.86027,
          19.16192
        ]
      },
      "properties": {
        "ward_id": "WARD_P_SOUTH",
        "ward_code": "P/S",
        "ward_name": "Goregaon",
        "feature_type": "heat_dot",
        "is_centroid": false,
        "lst_temp": 33.1,
        "hvi_score": 42.6,
        "ndvi": 0.39,
        "ndbi": 0.46,
        "risk_tier": "Moderate",
        "cluster_id": 1
      }
    },
    {
      "type": "Feature",
      "geometry": {
        "type": "Point",
        "coordinates": [
          72.85548,
          19.16343
        ]
      },
      "properties": {
        "ward_id": "WARD_P_SOUTH",
        "ward_code": "P/S",
        "ward_name": "Goregaon",
        "feature_type": "heat_dot",
        "is_centroid": false,
        "lst_temp": 33.5,
        "hvi_score": 43.4,
        "ndvi": 0.38,
        "ndbi": 0.47,
        "risk_tier": "Moderate",
        "cluster_id": 1
      }
    },
    {
      "type": "Feature",
      "geometry": {
        "type": "Point",
        "coordinates": [
          72.85904,
          19.17285
        ]
      },
      "properties": {
        "ward_id": "WARD_P_SOUTH",
        "ward_code": "P/S",
        "ward_name": "Goregaon",
        "feature_type": "heat_dot",
        "is_centroid": false,
        "lst_temp": 32.4,
        "hvi_score": 41.1,
        "ndvi": 0.42,
        "ndbi": 0.43,
        "risk_tier": "Moderate",
        "cluster_id": 1
      }
    },
    {
      "type": "Feature",
      "geometry": {
        "type": "Point",
        "coordinates": [
          72.85274,
          19.16953
        ]
      },
      "properties": {
        "ward_id": "WARD_P_SOUTH",
        "ward_code": "P/S",
        "ward_name": "Goregaon",
        "feature_type": "heat_dot",
        "is_centroid": false,
        "lst_temp": 35.5,
        "hvi_score": 47.9,
        "ndvi": 0.3,
        "ndbi": 0.55,
        "risk_tier": "Moderate",
        "cluster_id": 1
      }
    },
    {
      "type": "Feature",
      "geometry": {
        "type": "Point",
        "coordinates": [
          72.84753,
          19.17248
        ]
      },
      "properties": {
        "ward_id": "WARD_P_SOUTH",
        "ward_code": "P/S",
        "ward_name": "Goregaon",
        "feature_type": "heat_dot",
        "is_centroid": false,
        "lst_temp": 34.5,
        "hvi_score": 45.6,
        "ndvi": 0.34,
        "ndbi": 0.51,
        "risk_tier": "Moderate",
        "cluster_id": 1
      }
    },
    {
      "type": "Feature",
      "geometry": {
        "type": "Point",
        "coordinates": [
          72.84435,
          19.17352
        ]
      },
      "properties": {
        "ward_id": "WARD_P_SOUTH",
        "ward_code": "P/S",
        "ward_name": "Goregaon",
        "feature_type": "heat_dot",
        "is_centroid": false,
        "lst_temp": 34.1,
        "hvi_score": 44.7,
        "ndvi": 0.36,
        "ndbi": 0.49,
        "risk_tier": "Moderate",
        "cluster_id": 1
      }
    },
    {
      "type": "Feature",
      "geometry": {
        "type": "Point",
        "coordinates": [
          72.83863,
          19.17497
        ]
      },
      "properties": {
        "ward_id": "WARD_P_SOUTH",
        "ward_code": "P/S",
        "ward_name": "Goregaon",
        "feature_type": "heat_dot",
        "is_centroid": false,
        "lst_temp": 34.7,
        "hvi_score": 46.1,
        "ndvi": 0.33,
        "ndbi": 0.52,
        "risk_tier": "Moderate",
        "cluster_id": 1
      }
    },
    {
      "type": "Feature",
      "geometry": {
        "type": "Point",
        "coordinates": [
          72.84215,
          19.16497
        ]
      },
      "properties": {
        "ward_id": "WARD_P_SOUTH",
        "ward_code": "P/S",
        "ward_name": "Goregaon",
        "feature_type": "heat_dot",
        "is_centroid": false,
        "lst_temp": 35.7,
        "hvi_score": 48.3,
        "ndvi": 0.29,
        "ndbi": 0.56,
        "risk_tier": "Moderate",
        "cluster_id": 1
      }
    },
    {
      "type": "Feature",
      "geometry": {
        "type": "Point",
        "coordinates": [
          72.8371,
          19.16478
        ]
      },
      "properties": {
        "ward_id": "WARD_P_SOUTH",
        "ward_code": "P/S",
        "ward_name": "Goregaon",
        "feature_type": "heat_dot",
        "is_centroid": false,
        "lst_temp": 33.4,
        "hvi_score": 43.3,
        "ndvi": 0.38,
        "ndbi": 0.47,
        "risk_tier": "Moderate",
        "cluster_id": 1
      }
    },
    {
      "type": "Feature",
      "geometry": {
        "type": "Point",
        "coordinates": [
          72.84085,
          19.16094
        ]
      },
      "properties": {
        "ward_id": "WARD_P_SOUTH",
        "ward_code": "P/S",
        "ward_name": "Goregaon",
        "feature_type": "heat_dot",
        "is_centroid": false,
        "lst_temp": 33.8,
        "hvi_score": 44.1,
        "ndvi": 0.37,
        "ndbi": 0.48,
        "risk_tier": "Moderate",
        "cluster_id": 1
      }
    },
    {
      "type": "Feature",
      "geometry": {
        "type": "Point",
        "coordinates": [
          72.84243,
          19.16014
        ]
      },
      "properties": {
        "ward_id": "WARD_P_SOUTH",
        "ward_code": "P/S",
        "ward_name": "Goregaon",
        "feature_type": "heat_dot",
        "is_centroid": false,
        "lst_temp": 35.2,
        "hvi_score": 47.2,
        "ndvi": 0.31,
        "ndbi": 0.54,
        "risk_tier": "Moderate",
        "cluster_id": 1
      }
    },
    {
      "type": "Feature",
      "geometry": {
        "type": "Point",
        "coordinates": [
          72.84398,
          19.15926
        ]
      },
      "properties": {
        "ward_id": "WARD_P_SOUTH",
        "ward_code": "P/S",
        "ward_name": "Goregaon",
        "feature_type": "heat_dot",
        "is_centroid": false,
        "lst_temp": 34.4,
        "hvi_score": 45.5,
        "ndvi": 0.34,
        "ndbi": 0.51,
        "risk_tier": "Moderate",
        "cluster_id": 1
      }
    },
    {
      "type": "Feature",
      "geometry": {
        "type": "Point",
        "coordinates": [
          72.84387,
          19.15695
        ]
      },
      "properties": {
        "ward_id": "WARD_P_SOUTH",
        "ward_code": "P/S",
        "ward_name": "Goregaon",
        "feature_type": "heat_dot",
        "is_centroid": false,
        "lst_temp": 34.3,
        "hvi_score": 45.3,
        "ndvi": 0.34,
        "ndbi": 0.51,
        "risk_tier": "Moderate",
        "cluster_id": 1
      }
    },
    {
      "type": "Feature",
      "geometry": {
        "type": "Point",
        "coordinates": [
          72.84757,
          19.1526
        ]
      },
      "properties": {
        "ward_id": "WARD_P_SOUTH",
        "ward_code": "P/S",
        "ward_name": "Goregaon",
        "feature_type": "heat_dot",
        "is_centroid": false,
        "lst_temp": 33.9,
        "hvi_score": 44.3,
        "ndvi": 0.36,
        "ndbi": 0.49,
        "risk_tier": "Moderate",
        "cluster_id": 1
      }
    },
    {
      "type": "Feature",
      "geometry": {
        "type": "Point",
        "coordinates": [
          72.85035,
          19.15834
        ]
      },
      "properties": {
        "ward_id": "WARD_P_SOUTH",
        "ward_code": "P/S",
        "ward_name": "Goregaon",
        "feature_type": "heat_dot",
        "is_centroid": false,
        "lst_temp": 32.9,
        "hvi_score": 42.0,
        "ndvi": 0.4,
        "ndbi": 0.45,
        "risk_tier": "Moderate",
        "cluster_id": 1
      }
    },
    {
      "type": "Feature",
      "geometry": {
        "type": "Point",
        "coordinates": [
          72.85648,
          19.15378
        ]
      },
      "properties": {
        "ward_id": "WARD_P_SOUTH",
        "ward_code": "P/S",
        "ward_name": "Goregaon",
        "feature_type": "heat_dot",
        "is_centroid": false,
        "lst_temp": 33.0,
        "hvi_score": 42.3,
        "ndvi": 0.4,
        "ndbi": 0.45,
        "risk_tier": "Moderate",
        "cluster_id": 1
      }
    },
    {
      "type": "Feature",
      "geometry": {
        "type": "Point",
        "coordinates": [
          72.85844,
          19.15835
        ]
      },
      "properties": {
        "ward_id": "WARD_P_SOUTH",
        "ward_code": "P/S",
        "ward_name": "Goregaon",
        "feature_type": "heat_dot",
        "is_centroid": false,
        "lst_temp": 35.6,
        "hvi_score": 48.1,
        "ndvi": 0.29,
        "ndbi": 0.56,
        "risk_tier": "Moderate",
        "cluster_id": 1
      }
    },
    {
      "type": "Feature",
      "id": "WARD_P_NORTH",
      "geometry": {
        "type": "Polygon",
        "coordinates": [
          [
            [
              72.865,
              19.192
            ],
            [
              72.86125,
              19.20004
            ],
            [
              72.8556,
              19.20688
            ],
            [
              72.84711,
              19.21152
            ],
            [
              72.837,
              19.20891
            ],
            [
              72.82894,
              19.20757
            ],
            [
              72.81697,
              19.20803
            ],
            [
              72.80985,
              19.201
            ],
            [
              72.81474,
              19.192
            ],
            [
              72.81568,
              19.18494
            ],
            [
              72.82033,
              19.17866
            ],
            [
              72.82741,
              19.17347
            ],
            [
              72.837,
              19.16949
            ],
            [
              72.84797,
              19.1708
            ],
            [
              72.85239,
              19.17969
            ],
            [
              72.85751,
              19.1852
            ],
            [
              72.865,
              19.192
            ]
          ]
        ]
      },
      "properties": {
        "ward_id": "WARD_P_NORTH",
        "ward_code": "P/N",
        "ward_name": "Malad",
        "zone": "Zone 4",
        "feature_type": "ward_polygon",
        "area_sqkm": 34.0,
        "hvi_score": 59.8,
        "risk_tier": "High",
        "lst_mean": 35.8,
        "ndvi_mean": 0.27,
        "ndbi_mean": 0.6,
        "pop_density": 29000,
        "cluster_id": 0,
        "cluster_name": "Concrete Thermal Hotspot",
        "is_demo_data": true
      }
    },
    {
      "type": "Feature",
      "geometry": {
        "type": "Point",
        "coordinates": [
          72.837,
          19.192
        ]
      },
      "properties": {
        "ward_id": "WARD_P_NORTH",
        "ward_code": "P/N",
        "ward_name": "Malad",
        "feature_type": "heat_dot",
        "is_centroid": true,
        "lst_temp": 35.8,
        "hvi_score": 59.8,
        "ndvi": 0.27,
        "ndbi": 0.6,
        "risk_tier": "High",
        "cluster_id": 0
      }
    },
    {
      "type": "Feature",
      "geometry": {
        "type": "Point",
        "coordinates": [
          72.84807,
          19.19086
        ]
      },
      "properties": {
        "ward_id": "WARD_P_NORTH",
        "ward_code": "P/N",
        "ward_name": "Malad",
        "feature_type": "heat_dot",
        "is_centroid": false,
        "lst_temp": 34.3,
        "hvi_score": 56.5,
        "ndvi": 0.33,
        "ndbi": 0.54,
        "risk_tier": "High",
        "cluster_id": 0
      }
    },
    {
      "type": "Feature",
      "geometry": {
        "type": "Point",
        "coordinates": [
          72.8531,
          19.19713
        ]
      },
      "properties": {
        "ward_id": "WARD_P_NORTH",
        "ward_code": "P/N",
        "ward_name": "Malad",
        "feature_type": "heat_dot",
        "is_centroid": false,
        "lst_temp": 37.2,
        "hvi_score": 62.8,
        "ndvi": 0.22,
        "ndbi": 0.65,
        "risk_tier": "High",
        "cluster_id": 0
      }
    },
    {
      "type": "Feature",
      "geometry": {
        "type": "Point",
        "coordinates": [
          72.8487,
          19.20056
        ]
      },
      "properties": {
        "ward_id": "WARD_P_NORTH",
        "ward_code": "P/N",
        "ward_name": "Malad",
        "feature_type": "heat_dot",
        "is_centroid": false,
        "lst_temp": 36.9,
        "hvi_score": 62.2,
        "ndvi": 0.23,
        "ndbi": 0.64,
        "risk_tier": "High",
        "cluster_id": 0
      }
    },
    {
      "type": "Feature",
      "geometry": {
        "type": "Point",
        "coordinates": [
          72.83997,
          19.19566
        ]
      },
      "properties": {
        "ward_id": "WARD_P_NORTH",
        "ward_code": "P/N",
        "ward_name": "Malad",
        "feature_type": "heat_dot",
        "is_centroid": false,
        "lst_temp": 34.7,
        "hvi_score": 57.5,
        "ndvi": 0.31,
        "ndbi": 0.56,
        "risk_tier": "High",
        "cluster_id": 0
      }
    },
    {
      "type": "Feature",
      "geometry": {
        "type": "Point",
        "coordinates": [
          72.83781,
          19.20304
        ]
      },
      "properties": {
        "ward_id": "WARD_P_NORTH",
        "ward_code": "P/N",
        "ward_name": "Malad",
        "feature_type": "heat_dot",
        "is_centroid": false,
        "lst_temp": 34.6,
        "hvi_score": 57.1,
        "ndvi": 0.32,
        "ndbi": 0.55,
        "risk_tier": "High",
        "cluster_id": 0
      }
    },
    {
      "type": "Feature",
      "geometry": {
        "type": "Point",
        "coordinates": [
          72.83247,
          19.20119
        ]
      },
      "properties": {
        "ward_id": "WARD_P_NORTH",
        "ward_code": "P/N",
        "ward_name": "Malad",
        "feature_type": "heat_dot",
        "is_centroid": false,
        "lst_temp": 35.7,
        "hvi_score": 59.5,
        "ndvi": 0.28,
        "ndbi": 0.59,
        "risk_tier": "High",
        "cluster_id": 0
      }
    },
    {
      "type": "Feature",
      "geometry": {
        "type": "Point",
        "coordinates": [
          72.83329,
          19.19589
        ]
      },
      "properties": {
        "ward_id": "WARD_P_NORTH",
        "ward_code": "P/N",
        "ward_name": "Malad",
        "feature_type": "heat_dot",
        "is_centroid": false,
        "lst_temp": 36.1,
        "hvi_score": 60.6,
        "ndvi": 0.26,
        "ndbi": 0.61,
        "risk_tier": "High",
        "cluster_id": 0
      }
    },
    {
      "type": "Feature",
      "geometry": {
        "type": "Point",
        "coordinates": [
          72.83124,
          19.19377
        ]
      },
      "properties": {
        "ward_id": "WARD_P_NORTH",
        "ward_code": "P/N",
        "ward_name": "Malad",
        "feature_type": "heat_dot",
        "is_centroid": false,
        "lst_temp": 36.5,
        "hvi_score": 61.3,
        "ndvi": 0.24,
        "ndbi": 0.63,
        "risk_tier": "High",
        "cluster_id": 0
      }
    },
    {
      "type": "Feature",
      "geometry": {
        "type": "Point",
        "coordinates": [
          72.82201,
          19.19445
        ]
      },
      "properties": {
        "ward_id": "WARD_P_NORTH",
        "ward_code": "P/N",
        "ward_name": "Malad",
        "feature_type": "heat_dot",
        "is_centroid": false,
        "lst_temp": 35.5,
        "hvi_score": 59.2,
        "ndvi": 0.28,
        "ndbi": 0.59,
        "risk_tier": "High",
        "cluster_id": 0
      }
    },
    {
      "type": "Feature",
      "geometry": {
        "type": "Point",
        "coordinates": [
          72.8268,
          19.18948
        ]
      },
      "properties": {
        "ward_id": "WARD_P_NORTH",
        "ward_code": "P/N",
        "ward_name": "Malad",
        "feature_type": "heat_dot",
        "is_centroid": false,
        "lst_temp": 35.1,
        "hvi_score": 58.2,
        "ndvi": 0.3,
        "ndbi": 0.57,
        "risk_tier": "High",
        "cluster_id": 0
      }
    },
    {
      "type": "Feature",
      "geometry": {
        "type": "Point",
        "coordinates": [
          72.82795,
          19.1884
        ]
      },
      "properties": {
        "ward_id": "WARD_P_NORTH",
        "ward_code": "P/N",
        "ward_name": "Malad",
        "feature_type": "heat_dot",
        "is_centroid": false,
        "lst_temp": 37.2,
        "hvi_score": 62.9,
        "ndvi": 0.21,
        "ndbi": 0.66,
        "risk_tier": "High",
        "cluster_id": 0
      }
    },
    {
      "type": "Feature",
      "geometry": {
        "type": "Point",
        "coordinates": [
          72.83012,
          19.18561
        ]
      },
      "properties": {
        "ward_id": "WARD_P_NORTH",
        "ward_code": "P/N",
        "ward_name": "Malad",
        "feature_type": "heat_dot",
        "is_centroid": false,
        "lst_temp": 35.0,
        "hvi_score": 57.9,
        "ndvi": 0.3,
        "ndbi": 0.57,
        "risk_tier": "High",
        "cluster_id": 0
      }
    },
    {
      "type": "Feature",
      "geometry": {
        "type": "Point",
        "coordinates": [
          72.83067,
          19.18005
        ]
      },
      "properties": {
        "ward_id": "WARD_P_NORTH",
        "ward_code": "P/N",
        "ward_name": "Malad",
        "feature_type": "heat_dot",
        "is_centroid": false,
        "lst_temp": 34.5,
        "hvi_score": 56.9,
        "ndvi": 0.32,
        "ndbi": 0.55,
        "risk_tier": "High",
        "cluster_id": 0
      }
    },
    {
      "type": "Feature",
      "geometry": {
        "type": "Point",
        "coordinates": [
          72.83855,
          19.18084
        ]
      },
      "properties": {
        "ward_id": "WARD_P_NORTH",
        "ward_code": "P/N",
        "ward_name": "Malad",
        "feature_type": "heat_dot",
        "is_centroid": false,
        "lst_temp": 35.1,
        "hvi_score": 58.3,
        "ndvi": 0.3,
        "ndbi": 0.57,
        "risk_tier": "High",
        "cluster_id": 0
      }
    },
    {
      "type": "Feature",
      "geometry": {
        "type": "Point",
        "coordinates": [
          72.84508,
          19.18201
        ]
      },
      "properties": {
        "ward_id": "WARD_P_NORTH",
        "ward_code": "P/N",
        "ward_name": "Malad",
        "feature_type": "heat_dot",
        "is_centroid": false,
        "lst_temp": 36.5,
        "hvi_score": 61.3,
        "ndvi": 0.24,
        "ndbi": 0.63,
        "risk_tier": "High",
        "cluster_id": 0
      }
    },
    {
      "type": "Feature",
      "geometry": {
        "type": "Point",
        "coordinates": [
          72.84592,
          19.18233
        ]
      },
      "properties": {
        "ward_id": "WARD_P_NORTH",
        "ward_code": "P/N",
        "ward_name": "Malad",
        "feature_type": "heat_dot",
        "is_centroid": false,
        "lst_temp": 37.0,
        "hvi_score": 62.5,
        "ndvi": 0.22,
        "ndbi": 0.65,
        "risk_tier": "High",
        "cluster_id": 0
      }
    },
    {
      "type": "Feature",
      "geometry": {
        "type": "Point",
        "coordinates": [
          72.84704,
          19.19028
        ]
      },
      "properties": {
        "ward_id": "WARD_P_NORTH",
        "ward_code": "P/N",
        "ward_name": "Malad",
        "feature_type": "heat_dot",
        "is_centroid": false,
        "lst_temp": 35.1,
        "hvi_score": 58.2,
        "ndvi": 0.3,
        "ndbi": 0.57,
        "risk_tier": "High",
        "cluster_id": 0
      }
    },
    {
      "type": "Feature",
      "id": "WARD_R_SOUTH",
      "geometry": {
        "type": "Polygon",
        "coordinates": [
          [
            [
              72.87426,
              19.217
            ],
            [
              72.87112,
              19.22299
            ],
            [
              72.86523,
              19.22794
            ],
            [
              72.8567,
              19.23106
            ],
            [
              72.847,
              19.23072
            ],
            [
              72.83826,
              19.22966
            ],
            [
              72.82649,
              19.22931
            ],
            [
              72.8204,
              19.22361
            ],
            [
              72.8236,
              19.217
            ],
            [
              72.82619,
              19.21183
            ],
            [
              72.83025,
              19.20695
            ],
            [
              72.83759,
              19.20336
            ],
            [
              72.847,
              19.20036
            ],
            [
              72.85784,
              19.2013
            ],
            [
              72.86261,
              19.20763
            ],
            [
              72.86668,
              19.21211
            ],
            [
              72.87426,
              19.217
            ]
          ]
        ]
      },
      "properties": {
        "ward_id": "WARD_R_SOUTH",
        "ward_code": "R/S",
        "ward_name": "Kandivali",
        "zone": "Zone 4",
        "feature_type": "ward_polygon",
        "area_sqkm": 17.8,
        "hvi_score": 62.5,
        "risk_tier": "High",
        "lst_mean": 36.1,
        "ndvi_mean": 0.24,
        "ndbi_mean": 0.63,
        "pop_density": 33000,
        "cluster_id": 0,
        "cluster_name": "Concrete Thermal Hotspot",
        "is_demo_data": true
      }
    },
    {
      "type": "Feature",
      "geometry": {
        "type": "Point",
        "coordinates": [
          72.847,
          19.217
        ]
      },
      "properties": {
        "ward_id": "WARD_R_SOUTH",
        "ward_code": "R/S",
        "ward_name": "Kandivali",
        "feature_type": "heat_dot",
        "is_centroid": true,
        "lst_temp": 36.1,
        "hvi_score": 62.5,
        "ndvi": 0.24,
        "ndbi": 0.63,
        "risk_tier": "High",
        "cluster_id": 0
      }
    },
    {
      "type": "Feature",
      "geometry": {
        "type": "Point",
        "coordinates": [
          72.85413,
          19.21619
        ]
      },
      "properties": {
        "ward_id": "WARD_R_SOUTH",
        "ward_code": "R/S",
        "ward_name": "Kandivali",
        "feature_type": "heat_dot",
        "is_centroid": false,
        "lst_temp": 37.1,
        "hvi_score": 64.7,
        "ndvi": 0.2,
        "ndbi": 0.67,
        "risk_tier": "High",
        "cluster_id": 0
      }
    },
    {
      "type": "Feature",
      "geometry": {
        "type": "Point",
        "coordinates": [
          72.86418,
          19.22074
        ]
      },
      "properties": {
        "ward_id": "WARD_R_SOUTH",
        "ward_code": "R/S",
        "ward_name": "Kandivali",
        "feature_type": "heat_dot",
        "is_centroid": false,
        "lst_temp": 37.9,
        "hvi_score": 66.4,
        "ndvi": 0.17,
        "ndbi": 0.7,
        "risk_tier": "High",
        "cluster_id": 0
      }
    },
    {
      "type": "Feature",
      "geometry": {
        "type": "Point",
        "coordinates": [
          72.85952,
          19.22248
        ]
      },
      "properties": {
        "ward_id": "WARD_R_SOUTH",
        "ward_code": "R/S",
        "ward_name": "Kandivali",
        "feature_type": "heat_dot",
        "is_centroid": false,
        "lst_temp": 35.4,
        "hvi_score": 60.9,
        "ndvi": 0.27,
        "ndbi": 0.6,
        "risk_tier": "High",
        "cluster_id": 0
      }
    },
    {
      "type": "Feature",
      "geometry": {
        "type": "Point",
        "coordinates": [
          72.85106,
          19.22134
        ]
      },
      "properties": {
        "ward_id": "WARD_R_SOUTH",
        "ward_code": "R/S",
        "ward_name": "Kandivali",
        "feature_type": "heat_dot",
        "is_centroid": false,
        "lst_temp": 35.1,
        "hvi_score": 60.3,
        "ndvi": 0.28,
        "ndbi": 0.59,
        "risk_tier": "High",
        "cluster_id": 0
      }
    },
    {
      "type": "Feature",
      "geometry": {
        "type": "Point",
        "coordinates": [
          72.85036,
          19.22486
        ]
      },
      "properties": {
        "ward_id": "WARD_R_SOUTH",
        "ward_code": "R/S",
        "ward_name": "Kandivali",
        "feature_type": "heat_dot",
        "is_centroid": false,
        "lst_temp": 35.8,
        "hvi_score": 61.8,
        "ndvi": 0.25,
        "ndbi": 0.62,
        "risk_tier": "High",
        "cluster_id": 0
      }
    },
    {
      "type": "Feature",
      "geometry": {
        "type": "Point",
        "coordinates": [
          72.84541,
          19.22326
        ]
      },
      "properties": {
        "ward_id": "WARD_R_SOUTH",
        "ward_code": "R/S",
        "ward_name": "Kandivali",
        "feature_type": "heat_dot",
        "is_centroid": false,
        "lst_temp": 37.2,
        "hvi_score": 65.0,
        "ndvi": 0.2,
        "ndbi": 0.67,
        "risk_tier": "High",
        "cluster_id": 0
      }
    },
    {
      "type": "Feature",
      "geometry": {
        "type": "Point",
        "coordinates": [
          72.83987,
          19.222
        ]
      },
      "properties": {
        "ward_id": "WARD_R_SOUTH",
        "ward_code": "R/S",
        "ward_name": "Kandivali",
        "feature_type": "heat_dot",
        "is_centroid": false,
        "lst_temp": 37.3,
        "hvi_score": 65.2,
        "ndvi": 0.19,
        "ndbi": 0.68,
        "risk_tier": "High",
        "cluster_id": 0
      }
    },
    {
      "type": "Feature",
      "geometry": {
        "type": "Point",
        "coordinates": [
          72.83613,
          19.22106
        ]
      },
      "properties": {
        "ward_id": "WARD_R_SOUTH",
        "ward_code": "R/S",
        "ward_name": "Kandivali",
        "feature_type": "heat_dot",
        "is_centroid": false,
        "lst_temp": 35.0,
        "hvi_score": 60.0,
        "ndvi": 0.28,
        "ndbi": 0.59,
        "risk_tier": "High",
        "cluster_id": 0
      }
    },
    {
      "type": "Feature",
      "geometry": {
        "type": "Point",
        "coordinates": [
          72.83725,
          19.21803
        ]
      },
      "properties": {
        "ward_id": "WARD_R_SOUTH",
        "ward_code": "R/S",
        "ward_name": "Kandivali",
        "feature_type": "heat_dot",
        "is_centroid": false,
        "lst_temp": 36.1,
        "hvi_score": 62.5,
        "ndvi": 0.24,
        "ndbi": 0.63,
        "risk_tier": "High",
        "cluster_id": 0
      }
    },
    {
      "type": "Feature",
      "geometry": {
        "type": "Point",
        "coordinates": [
          72.83037,
          19.21539
        ]
      },
      "properties": {
        "ward_id": "WARD_R_SOUTH",
        "ward_code": "R/S",
        "ward_name": "Kandivali",
        "feature_type": "heat_dot",
        "is_centroid": false,
        "lst_temp": 34.7,
        "hvi_score": 59.3,
        "ndvi": 0.3,
        "ndbi": 0.57,
        "risk_tier": "High",
        "cluster_id": 0
      }
    },
    {
      "type": "Feature",
      "geometry": {
        "type": "Point",
        "coordinates": [
          72.84196,
          19.21546
        ]
      },
      "properties": {
        "ward_id": "WARD_R_SOUTH",
        "ward_code": "R/S",
        "ward_name": "Kandivali",
        "feature_type": "heat_dot",
        "is_centroid": false,
        "lst_temp": 35.7,
        "hvi_score": 61.6,
        "ndvi": 0.26,
        "ndbi": 0.61,
        "risk_tier": "High",
        "cluster_id": 0
      }
    },
    {
      "type": "Feature",
      "geometry": {
        "type": "Point",
        "coordinates": [
          72.84136,
          19.21103
        ]
      },
      "properties": {
        "ward_id": "WARD_R_SOUTH",
        "ward_code": "R/S",
        "ward_name": "Kandivali",
        "feature_type": "heat_dot",
        "is_centroid": false,
        "lst_temp": 36.8,
        "hvi_score": 63.9,
        "ndvi": 0.21,
        "ndbi": 0.66,
        "risk_tier": "High",
        "cluster_id": 0
      }
    },
    {
      "type": "Feature",
      "geometry": {
        "type": "Point",
        "coordinates": [
          72.84073,
          19.2089
        ]
      },
      "properties": {
        "ward_id": "WARD_R_SOUTH",
        "ward_code": "R/S",
        "ward_name": "Kandivali",
        "feature_type": "heat_dot",
        "is_centroid": false,
        "lst_temp": 34.9,
        "hvi_score": 59.9,
        "ndvi": 0.29,
        "ndbi": 0.58,
        "risk_tier": "High",
        "cluster_id": 0
      }
    },
    {
      "type": "Feature",
      "geometry": {
        "type": "Point",
        "coordinates": [
          72.8475,
          19.21202
        ]
      },
      "properties": {
        "ward_id": "WARD_R_SOUTH",
        "ward_code": "R/S",
        "ward_name": "Kandivali",
        "feature_type": "heat_dot",
        "is_centroid": false,
        "lst_temp": 36.0,
        "hvi_score": 62.2,
        "ndvi": 0.25,
        "ndbi": 0.62,
        "risk_tier": "High",
        "cluster_id": 0
      }
    },
    {
      "type": "Feature",
      "geometry": {
        "type": "Point",
        "coordinates": [
          72.85224,
          19.21029
        ]
      },
      "properties": {
        "ward_id": "WARD_R_SOUTH",
        "ward_code": "R/S",
        "ward_name": "Kandivali",
        "feature_type": "heat_dot",
        "is_centroid": false,
        "lst_temp": 37.4,
        "hvi_score": 65.3,
        "ndvi": 0.19,
        "ndbi": 0.68,
        "risk_tier": "High",
        "cluster_id": 0
      }
    },
    {
      "type": "Feature",
      "geometry": {
        "type": "Point",
        "coordinates": [
          72.85141,
          19.21459
        ]
      },
      "properties": {
        "ward_id": "WARD_R_SOUTH",
        "ward_code": "R/S",
        "ward_name": "Kandivali",
        "feature_type": "heat_dot",
        "is_centroid": false,
        "lst_temp": 37.3,
        "hvi_score": 65.1,
        "ndvi": 0.19,
        "ndbi": 0.68,
        "risk_tier": "High",
        "cluster_id": 0
      }
    },
    {
      "type": "Feature",
      "geometry": {
        "type": "Point",
        "coordinates": [
          72.85312,
          19.21603
        ]
      },
      "properties": {
        "ward_id": "WARD_R_SOUTH",
        "ward_code": "R/S",
        "ward_name": "Kandivali",
        "feature_type": "heat_dot",
        "is_centroid": false,
        "lst_temp": 36.0,
        "hvi_score": 62.3,
        "ndvi": 0.24,
        "ndbi": 0.63,
        "risk_tier": "High",
        "cluster_id": 0
      }
    },
    {
      "type": "Feature",
      "id": "WARD_R_CENTRAL",
      "geometry": {
        "type": "Polygon",
        "coordinates": [
          [
            [
              72.87343,
              19.242
            ],
            [
              72.87142,
              19.25009
            ],
            [
              72.86464,
              19.25611
            ],
            [
              72.85692,
              19.26116
            ],
            [
              72.847,
              19.25971
            ],
            [
              72.83857,
              19.25828
            ],
            [
              72.82697,
              19.25803
            ],
            [
              72.82045,
              19.2508
            ],
            [
              72.8232,
              19.242
            ],
            [
              72.82587,
              19.235
            ],
            [
              72.82986,
              19.22829
            ],
            [
              72.83784,
              19.22431
            ],
            [
              72.847,
              19.22006
            ],
            [
              72.85791,
              19.22093
            ],
            [
              72.86235,
              19.22972
            ],
            [
              72.86758,
              19.23518
            ],
            [
              72.87343,
              19.242
            ]
          ]
        ]
      },
      "properties": {
        "ward_id": "WARD_R_CENTRAL",
        "ward_code": "R/C",
        "ward_name": "Borivali",
        "zone": "Zone 4",
        "feature_type": "ward_polygon",
        "area_sqkm": 50.0,
        "hvi_score": 31.4,
        "risk_tier": "Moderate",
        "lst_mean": 32.1,
        "ndvi_mean": 0.48,
        "ndbi_mean": 0.38,
        "pop_density": 11000,
        "cluster_id": 1,
        "cluster_name": "Vegetated Thermal Buffer",
        "is_demo_data": true
      }
    },
    {
      "type": "Feature",
      "geometry": {
        "type": "Point",
        "coordinates": [
          72.847,
          19.242
        ]
      },
      "properties": {
        "ward_id": "WARD_R_CENTRAL",
        "ward_code": "R/C",
        "ward_name": "Borivali",
        "feature_type": "heat_dot",
        "is_centroid": true,
        "lst_temp": 32.1,
        "hvi_score": 31.4,
        "ndvi": 0.48,
        "ndbi": 0.38,
        "risk_tier": "Moderate",
        "cluster_id": 1
      }
    },
    {
      "type": "Feature",
      "geometry": {
        "type": "Point",
        "coordinates": [
          72.85419,
          19.24177
        ]
      },
      "properties": {
        "ward_id": "WARD_R_CENTRAL",
        "ward_code": "R/C",
        "ward_name": "Borivali",
        "feature_type": "heat_dot",
        "is_centroid": false,
        "lst_temp": 32.8,
        "hvi_score": 32.9,
        "ndvi": 0.45,
        "ndbi": 0.41,
        "risk_tier": "Moderate",
        "cluster_id": 1
      }
    },
    {
      "type": "Feature",
      "geometry": {
        "type": "Point",
        "coordinates": [
          72.86374,
          19.24539
        ]
      },
      "properties": {
        "ward_id": "WARD_R_CENTRAL",
        "ward_code": "R/C",
        "ward_name": "Borivali",
        "feature_type": "heat_dot",
        "is_centroid": false,
        "lst_temp": 33.6,
        "hvi_score": 34.7,
        "ndvi": 0.42,
        "ndbi": 0.44,
        "risk_tier": "Moderate",
        "cluster_id": 1
      }
    },
    {
      "type": "Feature",
      "geometry": {
        "type": "Point",
        "coordinates": [
          72.8575,
          19.24705
        ]
      },
      "properties": {
        "ward_id": "WARD_R_CENTRAL",
        "ward_code": "R/C",
        "ward_name": "Borivali",
        "feature_type": "heat_dot",
        "is_centroid": false,
        "lst_temp": 33.1,
        "hvi_score": 33.5,
        "ndvi": 0.44,
        "ndbi": 0.42,
        "risk_tier": "Moderate",
        "cluster_id": 1
      }
    },
    {
      "type": "Feature",
      "geometry": {
        "type": "Point",
        "coordinates": [
          72.85435,
          19.25113
        ]
      },
      "properties": {
        "ward_id": "WARD_R_CENTRAL",
        "ward_code": "R/C",
        "ward_name": "Borivali",
        "feature_type": "heat_dot",
        "is_centroid": false,
        "lst_temp": 32.5,
        "hvi_score": 32.3,
        "ndvi": 0.46,
        "ndbi": 0.4,
        "risk_tier": "Moderate",
        "cluster_id": 1
      }
    },
    {
      "type": "Feature",
      "geometry": {
        "type": "Point",
        "coordinates": [
          72.84961,
          19.25534
        ]
      },
      "properties": {
        "ward_id": "WARD_R_CENTRAL",
        "ward_code": "R/C",
        "ward_name": "Borivali",
        "feature_type": "heat_dot",
        "is_centroid": false,
        "lst_temp": 30.9,
        "hvi_score": 28.7,
        "ndvi": 0.53,
        "ndbi": 0.33,
        "risk_tier": "Low",
        "cluster_id": 1
      }
    },
    {
      "type": "Feature",
      "geometry": {
        "type": "Point",
        "coordinates": [
          72.84505,
          19.24582
        ]
      },
      "properties": {
        "ward_id": "WARD_R_CENTRAL",
        "ward_code": "R/C",
        "ward_name": "Borivali",
        "feature_type": "heat_dot",
        "is_centroid": false,
        "lst_temp": 33.8,
        "hvi_score": 35.2,
        "ndvi": 0.41,
        "ndbi": 0.45,
        "risk_tier": "Moderate",
        "cluster_id": 1
      }
    },
    {
      "type": "Feature",
      "geometry": {
        "type": "Point",
        "coordinates": [
          72.83939,
          19.24758
        ]
      },
      "properties": {
        "ward_id": "WARD_R_CENTRAL",
        "ward_code": "R/C",
        "ward_name": "Borivali",
        "feature_type": "heat_dot",
        "is_centroid": false,
        "lst_temp": 30.4,
        "hvi_score": 27.6,
        "ndvi": 0.55,
        "ndbi": 0.31,
        "risk_tier": "Low",
        "cluster_id": 1
      }
    },
    {
      "type": "Feature",
      "geometry": {
        "type": "Point",
        "coordinates": [
          72.83661,
          19.24518
        ]
      },
      "properties": {
        "ward_id": "WARD_R_CENTRAL",
        "ward_code": "R/C",
        "ward_name": "Borivali",
        "feature_type": "heat_dot",
        "is_centroid": false,
        "lst_temp": 33.9,
        "hvi_score": 35.3,
        "ndvi": 0.41,
        "ndbi": 0.45,
        "risk_tier": "Moderate",
        "cluster_id": 1
      }
    },
    {
      "type": "Feature",
      "geometry": {
        "type": "Point",
        "coordinates": [
          72.82904,
          19.24538
        ]
      },
      "properties": {
        "ward_id": "WARD_R_CENTRAL",
        "ward_code": "R/C",
        "ward_name": "Borivali",
        "feature_type": "heat_dot",
        "is_centroid": false,
        "lst_temp": 31.0,
        "hvi_score": 29.1,
        "ndvi": 0.52,
        "ndbi": 0.34,
        "risk_tier": "Low",
        "cluster_id": 1
      }
    },
    {
      "type": "Feature",
      "geometry": {
        "type": "Point",
        "coordinates": [
          72.8377,
          19.24121
        ]
      },
      "properties": {
        "ward_id": "WARD_R_CENTRAL",
        "ward_code": "R/C",
        "ward_name": "Borivali",
        "feature_type": "heat_dot",
        "is_centroid": false,
        "lst_temp": 32.2,
        "hvi_score": 31.5,
        "ndvi": 0.48,
        "ndbi": 0.38,
        "risk_tier": "Moderate",
        "cluster_id": 1
      }
    },
    {
      "type": "Feature",
      "geometry": {
        "type": "Point",
        "coordinates": [
          72.84222,
          19.24058
        ]
      },
      "properties": {
        "ward_id": "WARD_R_CENTRAL",
        "ward_code": "R/C",
        "ward_name": "Borivali",
        "feature_type": "heat_dot",
        "is_centroid": false,
        "lst_temp": 31.2,
        "hvi_score": 29.4,
        "ndvi": 0.52,
        "ndbi": 0.34,
        "risk_tier": "Low",
        "cluster_id": 1
      }
    },
    {
      "type": "Feature",
      "geometry": {
        "type": "Point",
        "coordinates": [
          72.83898,
          19.2293
        ]
      },
      "properties": {
        "ward_id": "WARD_R_CENTRAL",
        "ward_code": "R/C",
        "ward_name": "Borivali",
        "feature_type": "heat_dot",
        "is_centroid": false,
        "lst_temp": 32.0,
        "hvi_score": 31.3,
        "ndvi": 0.48,
        "ndbi": 0.38,
        "risk_tier": "Moderate",
        "cluster_id": 1
      }
    },
    {
      "type": "Feature",
      "geometry": {
        "type": "Point",
        "coordinates": [
          72.84318,
          19.23423
        ]
      },
      "properties": {
        "ward_id": "WARD_R_CENTRAL",
        "ward_code": "R/C",
        "ward_name": "Borivali",
        "feature_type": "heat_dot",
        "is_centroid": false,
        "lst_temp": 30.7,
        "hvi_score": 28.3,
        "ndvi": 0.54,
        "ndbi": 0.32,
        "risk_tier": "Low",
        "cluster_id": 1
      }
    },
    {
      "type": "Feature",
      "geometry": {
        "type": "Point",
        "coordinates": [
          72.84917,
          19.23335
        ]
      },
      "properties": {
        "ward_id": "WARD_R_CENTRAL",
        "ward_code": "R/C",
        "ward_name": "Borivali",
        "feature_type": "heat_dot",
        "is_centroid": false,
        "lst_temp": 32.1,
        "hvi_score": 31.4,
        "ndvi": 0.48,
        "ndbi": 0.38,
        "risk_tier": "Moderate",
        "cluster_id": 1
      }
    },
    {
      "type": "Feature",
      "geometry": {
        "type": "Point",
        "coordinates": [
          72.85481,
          19.23114
        ]
      },
      "properties": {
        "ward_id": "WARD_R_CENTRAL",
        "ward_code": "R/C",
        "ward_name": "Borivali",
        "feature_type": "heat_dot",
        "is_centroid": false,
        "lst_temp": 30.7,
        "hvi_score": 28.4,
        "ndvi": 0.53,
        "ndbi": 0.33,
        "risk_tier": "Low",
        "cluster_id": 1
      }
    },
    {
      "type": "Feature",
      "geometry": {
        "type": "Point",
        "coordinates": [
          72.85641,
          19.23418
        ]
      },
      "properties": {
        "ward_id": "WARD_R_CENTRAL",
        "ward_code": "R/C",
        "ward_name": "Borivali",
        "feature_type": "heat_dot",
        "is_centroid": false,
        "lst_temp": 33.6,
        "hvi_score": 34.7,
        "ndvi": 0.42,
        "ndbi": 0.44,
        "risk_tier": "Moderate",
        "cluster_id": 1
      }
    },
    {
      "type": "Feature",
      "geometry": {
        "type": "Point",
        "coordinates": [
          72.8554,
          19.23902
        ]
      },
      "properties": {
        "ward_id": "WARD_R_CENTRAL",
        "ward_code": "R/C",
        "ward_name": "Borivali",
        "feature_type": "heat_dot",
        "is_centroid": false,
        "lst_temp": 31.0,
        "hvi_score": 28.9,
        "ndvi": 0.53,
        "ndbi": 0.33,
        "risk_tier": "Low",
        "cluster_id": 1
      }
    },
    {
      "type": "Feature",
      "id": "WARD_R_NORTH",
      "geometry": {
        "type": "Polygon",
        "coordinates": [
          [
            [
              72.8834,
              19.272
            ],
            [
              72.8822,
              19.28037
            ],
            [
              72.8766,
              19.2866
            ],
            [
              72.87003,
              19.29139
            ],
            [
              72.862,
              19.28927
            ],
            [
              72.85515,
              19.28853
            ],
            [
              72.84638,
              19.28762
            ],
            [
              72.84084,
              19.28077
            ],
            [
              72.84374,
              19.272
            ],
            [
              72.84519,
              19.26504
            ],
            [
              72.84771,
              19.25771
            ],
            [
              72.85427,
              19.25333
            ],
            [
              72.862,
              19.24908
            ],
            [
              72.8707,
              19.251
            ],
            [
              72.87403,
              19.25997
            ],
            [
              72.87841,
              19.2652
            ],
            [
              72.8834,
              19.272
            ]
          ]
        ]
      },
      "properties": {
        "ward_id": "WARD_R_NORTH",
        "ward_code": "R/N",
        "ward_name": "Dahisar",
        "zone": "Zone 4",
        "feature_type": "ward_polygon",
        "area_sqkm": 18.0,
        "hvi_score": 49.6,
        "risk_tier": "Moderate",
        "lst_mean": 34.9,
        "ndvi_mean": 0.29,
        "ndbi_mean": 0.56,
        "pop_density": 21000,
        "cluster_id": 1,
        "cluster_name": "Vegetated Thermal Buffer",
        "is_demo_data": true
      }
    },
    {
      "type": "Feature",
      "geometry": {
        "type": "Point",
        "coordinates": [
          72.862,
          19.272
        ]
      },
      "properties": {
        "ward_id": "WARD_R_NORTH",
        "ward_code": "R/N",
        "ward_name": "Dahisar",
        "feature_type": "heat_dot",
        "is_centroid": true,
        "lst_temp": 34.9,
        "hvi_score": 49.6,
        "ndvi": 0.29,
        "ndbi": 0.56,
        "risk_tier": "Moderate",
        "cluster_id": 1
      }
    },
    {
      "type": "Feature",
      "geometry": {
        "type": "Point",
        "coordinates": [
          72.86571,
          19.2718
        ]
      },
      "properties": {
        "ward_id": "WARD_R_NORTH",
        "ward_code": "R/N",
        "ward_name": "Dahisar",
        "feature_type": "heat_dot",
        "is_centroid": false,
        "lst_temp": 33.7,
        "hvi_score": 47.0,
        "ndvi": 0.34,
        "ndbi": 0.51,
        "risk_tier": "Moderate",
        "cluster_id": 1
      }
    },
    {
      "type": "Feature",
      "geometry": {
        "type": "Point",
        "coordinates": [
          72.87358,
          19.27618
        ]
      },
      "properties": {
        "ward_id": "WARD_R_NORTH",
        "ward_code": "R/N",
        "ward_name": "Dahisar",
        "feature_type": "heat_dot",
        "is_centroid": false,
        "lst_temp": 34.7,
        "hvi_score": 49.1,
        "ndvi": 0.3,
        "ndbi": 0.55,
        "risk_tier": "Moderate",
        "cluster_id": 1
      }
    },
    {
      "type": "Feature",
      "geometry": {
        "type": "Point",
        "coordinates": [
          72.86598,
          19.27565
        ]
      },
      "properties": {
        "ward_id": "WARD_R_NORTH",
        "ward_code": "R/N",
        "ward_name": "Dahisar",
        "feature_type": "heat_dot",
        "is_centroid": false,
        "lst_temp": 34.8,
        "hvi_score": 49.3,
        "ndvi": 0.29,
        "ndbi": 0.56,
        "risk_tier": "Moderate",
        "cluster_id": 1
      }
    },
    {
      "type": "Feature",
      "geometry": {
        "type": "Point",
        "coordinates": [
          72.86844,
          19.28266
        ]
      },
      "properties": {
        "ward_id": "WARD_R_NORTH",
        "ward_code": "R/N",
        "ward_name": "Dahisar",
        "feature_type": "heat_dot",
        "is_centroid": false,
        "lst_temp": 34.5,
        "hvi_score": 48.6,
        "ndvi": 0.31,
        "ndbi": 0.54,
        "risk_tier": "Moderate",
        "cluster_id": 1
      }
    },
    {
      "type": "Feature",
      "geometry": {
        "type": "Point",
        "coordinates": [
          72.86221,
          19.27665
        ]
      },
      "properties": {
        "ward_id": "WARD_R_NORTH",
        "ward_code": "R/N",
        "ward_name": "Dahisar",
        "feature_type": "heat_dot",
        "is_centroid": false,
        "lst_temp": 33.9,
        "hvi_score": 47.3,
        "ndvi": 0.33,
        "ndbi": 0.52,
        "risk_tier": "Moderate",
        "cluster_id": 1
      }
    },
    {
      "type": "Feature",
      "geometry": {
        "type": "Point",
        "coordinates": [
          72.85957,
          19.28156
        ]
      },
      "properties": {
        "ward_id": "WARD_R_NORTH",
        "ward_code": "R/N",
        "ward_name": "Dahisar",
        "feature_type": "heat_dot",
        "is_centroid": false,
        "lst_temp": 34.8,
        "hvi_score": 49.4,
        "ndvi": 0.29,
        "ndbi": 0.56,
        "risk_tier": "Moderate",
        "cluster_id": 1
      }
    },
    {
      "type": "Feature",
      "geometry": {
        "type": "Point",
        "coordinates": [
          72.85631,
          19.28363
        ]
      },
      "properties": {
        "ward_id": "WARD_R_NORTH",
        "ward_code": "R/N",
        "ward_name": "Dahisar",
        "feature_type": "heat_dot",
        "is_centroid": false,
        "lst_temp": 36.1,
        "hvi_score": 52.2,
        "ndvi": 0.24,
        "ndbi": 0.61,
        "risk_tier": "High",
        "cluster_id": 1
      }
    },
    {
      "type": "Feature",
      "geometry": {
        "type": "Point",
        "coordinates": [
          72.85242,
          19.27775
        ]
      },
      "properties": {
        "ward_id": "WARD_R_NORTH",
        "ward_code": "R/N",
        "ward_name": "Dahisar",
        "feature_type": "heat_dot",
        "is_centroid": false,
        "lst_temp": 35.0,
        "hvi_score": 49.8,
        "ndvi": 0.29,
        "ndbi": 0.56,
        "risk_tier": "Moderate",
        "cluster_id": 1
      }
    },
    {
      "type": "Feature",
      "geometry": {
        "type": "Point",
        "coordinates": [
          72.85104,
          19.27562
        ]
      },
      "properties": {
        "ward_id": "WARD_R_NORTH",
        "ward_code": "R/N",
        "ward_name": "Dahisar",
        "feature_type": "heat_dot",
        "is_centroid": false,
        "lst_temp": 33.4,
        "hvi_score": 46.4,
        "ndvi": 0.35,
        "ndbi": 0.5,
        "risk_tier": "Moderate",
        "cluster_id": 1
      }
    },
    {
      "type": "Feature",
      "geometry": {
        "type": "Point",
        "coordinates": [
          72.85635,
          19.26988
        ]
      },
      "properties": {
        "ward_id": "WARD_R_NORTH",
        "ward_code": "R/N",
        "ward_name": "Dahisar",
        "feature_type": "heat_dot",
        "is_centroid": false,
        "lst_temp": 36.2,
        "hvi_score": 52.5,
        "ndvi": 0.24,
        "ndbi": 0.61,
        "risk_tier": "High",
        "cluster_id": 1
      }
    },
    {
      "type": "Feature",
      "geometry": {
        "type": "Point",
        "coordinates": [
          72.85841,
          19.26873
        ]
      },
      "properties": {
        "ward_id": "WARD_R_NORTH",
        "ward_code": "R/N",
        "ward_name": "Dahisar",
        "feature_type": "heat_dot",
        "is_centroid": false,
        "lst_temp": 35.7,
        "hvi_score": 51.3,
        "ndvi": 0.26,
        "ndbi": 0.59,
        "risk_tier": "High",
        "cluster_id": 1
      }
    },
    {
      "type": "Feature",
      "geometry": {
        "type": "Point",
        "coordinates": [
          72.85616,
          19.26645
        ]
      },
      "properties": {
        "ward_id": "WARD_R_NORTH",
        "ward_code": "R/N",
        "ward_name": "Dahisar",
        "feature_type": "heat_dot",
        "is_centroid": false,
        "lst_temp": 34.0,
        "hvi_score": 47.7,
        "ndvi": 0.33,
        "ndbi": 0.52,
        "risk_tier": "Moderate",
        "cluster_id": 1
      }
    },
    {
      "type": "Feature",
      "geometry": {
        "type": "Point",
        "coordinates": [
          72.85839,
          19.26352
        ]
      },
      "properties": {
        "ward_id": "WARD_R_NORTH",
        "ward_code": "R/N",
        "ward_name": "Dahisar",
        "feature_type": "heat_dot",
        "is_centroid": false,
        "lst_temp": 36.2,
        "hvi_score": 52.4,
        "ndvi": 0.24,
        "ndbi": 0.61,
        "risk_tier": "High",
        "cluster_id": 1
      }
    },
    {
      "type": "Feature",
      "geometry": {
        "type": "Point",
        "coordinates": [
          72.86232,
          19.26802
        ]
      },
      "properties": {
        "ward_id": "WARD_R_NORTH",
        "ward_code": "R/N",
        "ward_name": "Dahisar",
        "feature_type": "heat_dot",
        "is_centroid": false,
        "lst_temp": 33.7,
        "hvi_score": 47.0,
        "ndvi": 0.34,
        "ndbi": 0.51,
        "risk_tier": "Moderate",
        "cluster_id": 1
      }
    },
    {
      "type": "Feature",
      "geometry": {
        "type": "Point",
        "coordinates": [
          72.86356,
          19.26723
        ]
      },
      "properties": {
        "ward_id": "WARD_R_NORTH",
        "ward_code": "R/N",
        "ward_name": "Dahisar",
        "feature_type": "heat_dot",
        "is_centroid": false,
        "lst_temp": 33.6,
        "hvi_score": 46.8,
        "ndvi": 0.34,
        "ndbi": 0.51,
        "risk_tier": "Moderate",
        "cluster_id": 1
      }
    },
    {
      "type": "Feature",
      "geometry": {
        "type": "Point",
        "coordinates": [
          72.86812,
          19.26485
        ]
      },
      "properties": {
        "ward_id": "WARD_R_NORTH",
        "ward_code": "R/N",
        "ward_name": "Dahisar",
        "feature_type": "heat_dot",
        "is_centroid": false,
        "lst_temp": 34.0,
        "hvi_score": 47.7,
        "ndvi": 0.32,
        "ndbi": 0.53,
        "risk_tier": "Moderate",
        "cluster_id": 1
      }
    },
    {
      "type": "Feature",
      "geometry": {
        "type": "Point",
        "coordinates": [
          72.87393,
          19.26558
        ]
      },
      "properties": {
        "ward_id": "WARD_R_NORTH",
        "ward_code": "R/N",
        "ward_name": "Dahisar",
        "feature_type": "heat_dot",
        "is_centroid": false,
        "lst_temp": 33.2,
        "hvi_score": 45.9,
        "ndvi": 0.36,
        "ndbi": 0.49,
        "risk_tier": "Moderate",
        "cluster_id": 1
      }
    },
    {
      "type": "Feature",
      "id": "WARD_S",
      "geometry": {
        "type": "Polygon",
        "coordinates": [
          [
            [
              72.9445,
              19.142
            ],
            [
              72.94283,
              19.15472
            ],
            [
              72.93203,
              19.16346
            ],
            [
              72.92095,
              19.17086
            ],
            [
              72.907,
              19.16829
            ],
            [
              72.89495,
              19.16693
            ],
            [
              72.87786,
              19.16698
            ],
            [
              72.87058,
              19.15493
            ],
            [
              72.87594,
              19.142
            ],
            [
              72.87638,
              19.13113
            ],
            [
              72.88204,
              19.12061
            ],
            [
              72.8944,
              19.11592
            ],
            [
              72.907,
              19.10898
            ],
            [
              72.9216,
              19.11178
            ],
            [
              72.92918,
              19.12299
            ],
            [
              72.93431,
              19.1323
            ],
            [
              72.9445,
              19.142
            ]
          ]
        ]
      },
      "properties": {
        "ward_id": "WARD_S",
        "ward_code": "S",
        "ward_name": "Bhandup / Powai / Kanjurmarg",
        "zone": "Zone 6",
        "feature_type": "ward_polygon",
        "area_sqkm": 64.0,
        "hvi_score": 28.5,
        "risk_tier": "Low",
        "lst_mean": 31.2,
        "ndvi_mean": 0.55,
        "ndbi_mean": 0.32,
        "pop_density": 12000,
        "cluster_id": 1,
        "cluster_name": "Vegetated Thermal Buffer",
        "is_demo_data": true
      }
    },
    {
      "type": "Feature",
      "geometry": {
        "type": "Point",
        "coordinates": [
          72.907,
          19.142
        ]
      },
      "properties": {
        "ward_id": "WARD_S",
        "ward_code": "S",
        "ward_name": "Bhandup / Powai / Kanjurmarg",
        "feature_type": "heat_dot",
        "is_centroid": true,
        "lst_temp": 31.2,
        "hvi_score": 28.5,
        "ndvi": 0.55,
        "ndbi": 0.32,
        "risk_tier": "Low",
        "cluster_id": 1
      }
    },
    {
      "type": "Feature",
      "geometry": {
        "type": "Point",
        "coordinates": [
          72.92041,
          19.14004
        ]
      },
      "properties": {
        "ward_id": "WARD_S",
        "ward_code": "S",
        "ward_name": "Bhandup / Powai / Kanjurmarg",
        "feature_type": "heat_dot",
        "is_centroid": false,
        "lst_temp": 32.5,
        "hvi_score": 31.3,
        "ndvi": 0.5,
        "ndbi": 0.37,
        "risk_tier": "Moderate",
        "cluster_id": 1
      }
    },
    {
      "type": "Feature",
      "geometry": {
        "type": "Point",
        "coordinates": [
          72.91277,
          19.14417
        ]
      },
      "properties": {
        "ward_id": "WARD_S",
        "ward_code": "S",
        "ward_name": "Bhandup / Powai / Kanjurmarg",
        "feature_type": "heat_dot",
        "is_centroid": false,
        "lst_temp": 32.0,
        "hvi_score": 30.3,
        "ndvi": 0.52,
        "ndbi": 0.35,
        "risk_tier": "Moderate",
        "cluster_id": 1
      }
    },
    {
      "type": "Feature",
      "geometry": {
        "type": "Point",
        "coordinates": [
          72.92398,
          19.1556
        ]
      },
      "properties": {
        "ward_id": "WARD_S",
        "ward_code": "S",
        "ward_name": "Bhandup / Powai / Kanjurmarg",
        "feature_type": "heat_dot",
        "is_centroid": false,
        "lst_temp": 32.3,
        "hvi_score": 31.0,
        "ndvi": 0.51,
        "ndbi": 0.36,
        "risk_tier": "Moderate",
        "cluster_id": 1
      }
    },
    {
      "type": "Feature",
      "geometry": {
        "type": "Point",
        "coordinates": [
          72.91179,
          19.14817
        ]
      },
      "properties": {
        "ward_id": "WARD_S",
        "ward_code": "S",
        "ward_name": "Bhandup / Powai / Kanjurmarg",
        "feature_type": "heat_dot",
        "is_centroid": false,
        "lst_temp": 29.6,
        "hvi_score": 24.9,
        "ndvi": 0.62,
        "ndbi": 0.25,
        "risk_tier": "Low",
        "cluster_id": 1
      }
    },
    {
      "type": "Feature",
      "geometry": {
        "type": "Point",
        "coordinates": [
          72.90816,
          19.15456
        ]
      },
      "properties": {
        "ward_id": "WARD_S",
        "ward_code": "S",
        "ward_name": "Bhandup / Powai / Kanjurmarg",
        "feature_type": "heat_dot",
        "is_centroid": false,
        "lst_temp": 31.5,
        "hvi_score": 29.1,
        "ndvi": 0.54,
        "ndbi": 0.33,
        "risk_tier": "Low",
        "cluster_id": 1
      }
    },
    {
      "type": "Feature",
      "geometry": {
        "type": "Point",
        "coordinates": [
          72.90007,
          19.16272
        ]
      },
      "properties": {
        "ward_id": "WARD_S",
        "ward_code": "S",
        "ward_name": "Bhandup / Powai / Kanjurmarg",
        "feature_type": "heat_dot",
        "is_centroid": false,
        "lst_temp": 30.3,
        "hvi_score": 26.5,
        "ndvi": 0.59,
        "ndbi": 0.28,
        "risk_tier": "Low",
        "cluster_id": 1
      }
    },
    {
      "type": "Feature",
      "geometry": {
        "type": "Point",
        "coordinates": [
          72.89679,
          19.15182
        ]
      },
      "properties": {
        "ward_id": "WARD_S",
        "ward_code": "S",
        "ward_name": "Bhandup / Powai / Kanjurmarg",
        "feature_type": "heat_dot",
        "is_centroid": false,
        "lst_temp": 29.4,
        "hvi_score": 24.6,
        "ndvi": 0.62,
        "ndbi": 0.25,
        "risk_tier": "Low",
        "cluster_id": 1
      }
    },
    {
      "type": "Feature",
      "geometry": {
        "type": "Point",
        "coordinates": [
          72.88923,
          19.15225
        ]
      },
      "properties": {
        "ward_id": "WARD_S",
        "ward_code": "S",
        "ward_name": "Bhandup / Powai / Kanjurmarg",
        "feature_type": "heat_dot",
        "is_centroid": false,
        "lst_temp": 31.1,
        "hvi_score": 28.3,
        "ndvi": 0.55,
        "ndbi": 0.32,
        "risk_tier": "Low",
        "cluster_id": 1
      }
    },
    {
      "type": "Feature",
      "geometry": {
        "type": "Point",
        "coordinates": [
          72.89842,
          19.14351
        ]
      },
      "properties": {
        "ward_id": "WARD_S",
        "ward_code": "S",
        "ward_name": "Bhandup / Powai / Kanjurmarg",
        "feature_type": "heat_dot",
        "is_centroid": false,
        "lst_temp": 30.8,
        "hvi_score": 27.6,
        "ndvi": 0.57,
        "ndbi": 0.3,
        "risk_tier": "Low",
        "cluster_id": 1
      }
    },
    {
      "type": "Feature",
      "geometry": {
        "type": "Point",
        "coordinates": [
          72.88261,
          19.13658
        ]
      },
      "properties": {
        "ward_id": "WARD_S",
        "ward_code": "S",
        "ward_name": "Bhandup / Powai / Kanjurmarg",
        "feature_type": "heat_dot",
        "is_centroid": false,
        "lst_temp": 31.9,
        "hvi_score": 30.0,
        "ndvi": 0.52,
        "ndbi": 0.35,
        "risk_tier": "Moderate",
        "cluster_id": 1
      }
    },
    {
      "type": "Feature",
      "geometry": {
        "type": "Point",
        "coordinates": [
          72.89702,
          19.13461
        ]
      },
      "properties": {
        "ward_id": "WARD_S",
        "ward_code": "S",
        "ward_name": "Bhandup / Powai / Kanjurmarg",
        "feature_type": "heat_dot",
        "is_centroid": false,
        "lst_temp": 31.2,
        "hvi_score": 28.5,
        "ndvi": 0.55,
        "ndbi": 0.32,
        "risk_tier": "Low",
        "cluster_id": 1
      }
    },
    {
      "type": "Feature",
      "geometry": {
        "type": "Point",
        "coordinates": [
          72.89134,
          19.12988
        ]
      },
      "properties": {
        "ward_id": "WARD_S",
        "ward_code": "S",
        "ward_name": "Bhandup / Powai / Kanjurmarg",
        "feature_type": "heat_dot",
        "is_centroid": false,
        "lst_temp": 31.6,
        "hvi_score": 29.4,
        "ndvi": 0.53,
        "ndbi": 0.34,
        "risk_tier": "Low",
        "cluster_id": 1
      }
    },
    {
      "type": "Feature",
      "geometry": {
        "type": "Point",
        "coordinates": [
          72.9056,
          19.13474
        ]
      },
      "properties": {
        "ward_id": "WARD_S",
        "ward_code": "S",
        "ward_name": "Bhandup / Powai / Kanjurmarg",
        "feature_type": "heat_dot",
        "is_centroid": false,
        "lst_temp": 32.2,
        "hvi_score": 30.7,
        "ndvi": 0.51,
        "ndbi": 0.36,
        "risk_tier": "Moderate",
        "cluster_id": 1
      }
    },
    {
      "type": "Feature",
      "geometry": {
        "type": "Point",
        "coordinates": [
          72.90666,
          19.13036
        ]
      },
      "properties": {
        "ward_id": "WARD_S",
        "ward_code": "S",
        "ward_name": "Bhandup / Powai / Kanjurmarg",
        "feature_type": "heat_dot",
        "is_centroid": false,
        "lst_temp": 31.3,
        "hvi_score": 28.8,
        "ndvi": 0.54,
        "ndbi": 0.33,
        "risk_tier": "Low",
        "cluster_id": 1
      }
    },
    {
      "type": "Feature",
      "geometry": {
        "type": "Point",
        "coordinates": [
          72.92206,
          19.12524
        ]
      },
      "properties": {
        "ward_id": "WARD_S",
        "ward_code": "S",
        "ward_name": "Bhandup / Powai / Kanjurmarg",
        "feature_type": "heat_dot",
        "is_centroid": false,
        "lst_temp": 31.3,
        "hvi_score": 28.7,
        "ndvi": 0.55,
        "ndbi": 0.32,
        "risk_tier": "Low",
        "cluster_id": 1
      }
    },
    {
      "type": "Feature",
      "geometry": {
        "type": "Point",
        "coordinates": [
          72.92186,
          19.1246
        ]
      },
      "properties": {
        "ward_id": "WARD_S",
        "ward_code": "S",
        "ward_name": "Bhandup / Powai / Kanjurmarg",
        "feature_type": "heat_dot",
        "is_centroid": false,
        "lst_temp": 31.0,
        "hvi_score": 28.1,
        "ndvi": 0.56,
        "ndbi": 0.31,
        "risk_tier": "Low",
        "cluster_id": 1
      }
    },
    {
      "type": "Feature",
      "geometry": {
        "type": "Point",
        "coordinates": [
          72.9227,
          19.13781
        ]
      },
      "properties": {
        "ward_id": "WARD_S",
        "ward_code": "S",
        "ward_name": "Bhandup / Powai / Kanjurmarg",
        "feature_type": "heat_dot",
        "is_centroid": false,
        "lst_temp": 31.2,
        "hvi_score": 28.5,
        "ndvi": 0.55,
        "ndbi": 0.32,
        "risk_tier": "Low",
        "cluster_id": 1
      }
    },
    {
      "type": "Feature",
      "id": "WARD_T",
      "geometry": {
        "type": "Polygon",
        "coordinates": [
          [
            [
              72.97436,
              19.182
            ],
            [
              72.9719,
              19.19025
            ],
            [
              72.96507,
              19.19646
            ],
            [
              72.95656,
              19.20046
            ],
            [
              72.947,
              19.19983
            ],
            [
              72.93861,
              19.19821
            ],
            [
              72.92726,
              19.19779
            ],
            [
              72.92134,
              19.1905
            ],
            [
              72.92443,
              19.182
            ],
            [
              72.92521,
              19.17478
            ],
            [
              72.9304,
              19.16872
            ],
            [
              72.93789,
              19.16441
            ],
            [
              72.947,
              19.1599
            ],
            [
              72.95797,
              19.16081
            ],
            [
              72.96185,
              19.17012
            ],
            [
              72.96624,
              19.17562
            ],
            [
              72.97436,
              19.182
            ]
          ]
        ]
      },
      "properties": {
        "ward_id": "WARD_T",
        "ward_code": "T",
        "ward_name": "Mulund",
        "zone": "Zone 6",
        "feature_type": "ward_polygon",
        "area_sqkm": 45.4,
        "hvi_score": 38.0,
        "risk_tier": "Moderate",
        "lst_mean": 33.0,
        "ndvi_mean": 0.4,
        "ndbi_mean": 0.44,
        "pop_density": 14000,
        "cluster_id": 1,
        "cluster_name": "Vegetated Thermal Buffer",
        "is_demo_data": true
      }
    },
    {
      "type": "Feature",
      "geometry": {
        "type": "Point",
        "coordinates": [
          72.947,
          19.182
        ]
      },
      "properties": {
        "ward_id": "WARD_T",
        "ward_code": "T",
        "ward_name": "Mulund",
        "feature_type": "heat_dot",
        "is_centroid": true,
        "lst_temp": 33.0,
        "hvi_score": 38.0,
        "ndvi": 0.4,
        "ndbi": 0.44,
        "risk_tier": "Moderate",
        "cluster_id": 1
      }
    },
    {
      "type": "Feature",
      "geometry": {
        "type": "Point",
        "coordinates": [
          72.96068,
          19.18411
        ]
      },
      "properties": {
        "ward_id": "WARD_T",
        "ward_code": "T",
        "ward_name": "Mulund",
        "feature_type": "heat_dot",
        "is_centroid": false,
        "lst_temp": 32.2,
        "hvi_score": 36.3,
        "ndvi": 0.43,
        "ndbi": 0.41,
        "risk_tier": "Moderate",
        "cluster_id": 1
      }
    },
    {
      "type": "Feature",
      "geometry": {
        "type": "Point",
        "coordinates": [
          72.95299,
          19.18391
        ]
      },
      "properties": {
        "ward_id": "WARD_T",
        "ward_code": "T",
        "ward_name": "Mulund",
        "feature_type": "heat_dot",
        "is_centroid": false,
        "lst_temp": 31.8,
        "hvi_score": 35.4,
        "ndvi": 0.45,
        "ndbi": 0.39,
        "risk_tier": "Moderate",
        "cluster_id": 1
      }
    },
    {
      "type": "Feature",
      "geometry": {
        "type": "Point",
        "coordinates": [
          72.95502,
          19.18957
        ]
      },
      "properties": {
        "ward_id": "WARD_T",
        "ward_code": "T",
        "ward_name": "Mulund",
        "feature_type": "heat_dot",
        "is_centroid": false,
        "lst_temp": 33.1,
        "hvi_score": 38.3,
        "ndvi": 0.39,
        "ndbi": 0.45,
        "risk_tier": "Moderate",
        "cluster_id": 1
      }
    },
    {
      "type": "Feature",
      "geometry": {
        "type": "Point",
        "coordinates": [
          72.956,
          19.19131
        ]
      },
      "properties": {
        "ward_id": "WARD_T",
        "ward_code": "T",
        "ward_name": "Mulund",
        "feature_type": "heat_dot",
        "is_centroid": false,
        "lst_temp": 34.4,
        "hvi_score": 41.2,
        "ndvi": 0.34,
        "ndbi": 0.5,
        "risk_tier": "Moderate",
        "cluster_id": 1
      }
    },
    {
      "type": "Feature",
      "geometry": {
        "type": "Point",
        "coordinates": [
          72.94685,
          19.18951
        ]
      },
      "properties": {
        "ward_id": "WARD_T",
        "ward_code": "T",
        "ward_name": "Mulund",
        "feature_type": "heat_dot",
        "is_centroid": false,
        "lst_temp": 34.3,
        "hvi_score": 40.8,
        "ndvi": 0.35,
        "ndbi": 0.49,
        "risk_tier": "Moderate",
        "cluster_id": 1
      }
    },
    {
      "type": "Feature",
      "geometry": {
        "type": "Point",
        "coordinates": [
          72.944,
          19.19076
        ]
      },
      "properties": {
        "ward_id": "WARD_T",
        "ward_code": "T",
        "ward_name": "Mulund",
        "feature_type": "heat_dot",
        "is_centroid": false,
        "lst_temp": 34.1,
        "hvi_score": 40.4,
        "ndvi": 0.36,
        "ndbi": 0.48,
        "risk_tier": "Moderate",
        "cluster_id": 1
      }
    },
    {
      "type": "Feature",
      "geometry": {
        "type": "Point",
        "coordinates": [
          72.93964,
          19.19164
        ]
      },
      "properties": {
        "ward_id": "WARD_T",
        "ward_code": "T",
        "ward_name": "Mulund",
        "feature_type": "heat_dot",
        "is_centroid": false,
        "lst_temp": 31.9,
        "hvi_score": 35.7,
        "ndvi": 0.44,
        "ndbi": 0.4,
        "risk_tier": "Moderate",
        "cluster_id": 1
      }
    },
    {
      "type": "Feature",
      "geometry": {
        "type": "Point",
        "coordinates": [
          72.93982,
          19.18468
        ]
      },
      "properties": {
        "ward_id": "WARD_T",
        "ward_code": "T",
        "ward_name": "Mulund",
        "feature_type": "heat_dot",
        "is_centroid": false,
        "lst_temp": 31.8,
        "hvi_score": 35.3,
        "ndvi": 0.45,
        "ndbi": 0.39,
        "risk_tier": "Moderate",
        "cluster_id": 1
      }
    },
    {
      "type": "Feature",
      "geometry": {
        "type": "Point",
        "coordinates": [
          72.94003,
          19.18352
        ]
      },
      "properties": {
        "ward_id": "WARD_T",
        "ward_code": "T",
        "ward_name": "Mulund",
        "feature_type": "heat_dot",
        "is_centroid": false,
        "lst_temp": 32.1,
        "hvi_score": 36.0,
        "ndvi": 0.44,
        "ndbi": 0.4,
        "risk_tier": "Moderate",
        "cluster_id": 1
      }
    },
    {
      "type": "Feature",
      "geometry": {
        "type": "Point",
        "coordinates": [
          72.93001,
          19.17888
        ]
      },
      "properties": {
        "ward_id": "WARD_T",
        "ward_code": "T",
        "ward_name": "Mulund",
        "feature_type": "heat_dot",
        "is_centroid": false,
        "lst_temp": 33.8,
        "hvi_score": 39.7,
        "ndvi": 0.37,
        "ndbi": 0.47,
        "risk_tier": "Moderate",
        "cluster_id": 1
      }
    },
    {
      "type": "Feature",
      "geometry": {
        "type": "Point",
        "coordinates": [
          72.93402,
          19.17491
        ]
      },
      "properties": {
        "ward_id": "WARD_T",
        "ward_code": "T",
        "ward_name": "Mulund",
        "feature_type": "heat_dot",
        "is_centroid": false,
        "lst_temp": 33.4,
        "hvi_score": 38.8,
        "ndvi": 0.39,
        "ndbi": 0.45,
        "risk_tier": "Moderate",
        "cluster_id": 1
      }
    },
    {
      "type": "Feature",
      "geometry": {
        "type": "Point",
        "coordinates": [
          72.94327,
          19.17862
        ]
      },
      "properties": {
        "ward_id": "WARD_T",
        "ward_code": "T",
        "ward_name": "Mulund",
        "feature_type": "heat_dot",
        "is_centroid": false,
        "lst_temp": 31.3,
        "hvi_score": 34.3,
        "ndvi": 0.47,
        "ndbi": 0.37,
        "risk_tier": "Moderate",
        "cluster_id": 1
      }
    },
    {
      "type": "Feature",
      "geometry": {
        "type": "Point",
        "coordinates": [
          72.94357,
          19.17085
        ]
      },
      "properties": {
        "ward_id": "WARD_T",
        "ward_code": "T",
        "ward_name": "Mulund",
        "feature_type": "heat_dot",
        "is_centroid": false,
        "lst_temp": 32.5,
        "hvi_score": 36.9,
        "ndvi": 0.42,
        "ndbi": 0.42,
        "risk_tier": "Moderate",
        "cluster_id": 1
      }
    },
    {
      "type": "Feature",
      "geometry": {
        "type": "Point",
        "coordinates": [
          72.9498,
          19.17087
        ]
      },
      "properties": {
        "ward_id": "WARD_T",
        "ward_code": "T",
        "ward_name": "Mulund",
        "feature_type": "heat_dot",
        "is_centroid": false,
        "lst_temp": 32.6,
        "hvi_score": 37.0,
        "ndvi": 0.42,
        "ndbi": 0.42,
        "risk_tier": "Moderate",
        "cluster_id": 1
      }
    },
    {
      "type": "Feature",
      "geometry": {
        "type": "Point",
        "coordinates": [
          72.95479,
          19.17209
        ]
      },
      "properties": {
        "ward_id": "WARD_T",
        "ward_code": "T",
        "ward_name": "Mulund",
        "feature_type": "heat_dot",
        "is_centroid": false,
        "lst_temp": 32.2,
        "hvi_score": 36.3,
        "ndvi": 0.43,
        "ndbi": 0.41,
        "risk_tier": "Moderate",
        "cluster_id": 1
      }
    },
    {
      "type": "Feature",
      "geometry": {
        "type": "Point",
        "coordinates": [
          72.95898,
          19.17322
        ]
      },
      "properties": {
        "ward_id": "WARD_T",
        "ward_code": "T",
        "ward_name": "Mulund",
        "feature_type": "heat_dot",
        "is_centroid": false,
        "lst_temp": 31.6,
        "hvi_score": 34.9,
        "ndvi": 0.46,
        "ndbi": 0.38,
        "risk_tier": "Moderate",
        "cluster_id": 1
      }
    },
    {
      "type": "Feature",
      "geometry": {
        "type": "Point",
        "coordinates": [
          72.95417,
          19.18094
        ]
      },
      "properties": {
        "ward_id": "WARD_T",
        "ward_code": "T",
        "ward_name": "Mulund",
        "feature_type": "heat_dot",
        "is_centroid": false,
        "lst_temp": 31.7,
        "hvi_score": 35.2,
        "ndvi": 0.45,
        "ndbi": 0.39,
        "risk_tier": "Moderate",
        "cluster_id": 1
      }
    }
  ]
}